"allocation_id","UUID","contract_id","minerID","volume_MWh","defaulted","step4_ZL_contract_complete","step5_redemption_data_complete","step6_attestation_info_complete","step7_certificates_matched_to_supply","step8_IPLDrecord_complete","step9_transaction_complete","step10_volta_complete","step11_finalRecord_complete"
"20220420_SP_FF_transaction_1_allocation_1",,"20220420_SP_FF_transaction_1_contract_1","f01386984",357,0,0,0,0,0,0,0,0,0
"20220420_SP_FF_transaction_1_allocation_2",,"20220420_SP_FF_transaction_1_contract_1","f01606675",117,0,0,0,0,0,0,0,0,0
"20220420_SP_FF_transaction_1_allocation_3",,"20220420_SP_FF_transaction_1_contract_1","f01482290",75,0,0,0,0,0,0,0,0,0
"20220420_SP_FF_transaction_1_allocation_4",,"20220420_SP_FF_transaction_1_contract_1","f01448847",10,0,0,0,0,0,0,0,0,0
"20220420_SP_FF_transaction_1_allocation_5",,"20220420_SP_FF_transaction_1_contract_1","f01398391",6,0,0,0,0,0,0,0,0,0
"20220420_SP_FF_transaction_1_allocation_6",,"20220420_SP_FF_transaction_1_contract_1","f07819",2,0,0,0,0,0,0,0,0,0
"20220420_SP_FF_transaction_1_allocation_7",,"20220420_SP_FF_transaction_1_contract_1","f0110567",1,0,0,0,0,0,0,0,0,0
"20220420_SP_FF_transaction_1_allocation_8",,"20220420_SP_FF_transaction_1_contract_1","f0857798",47,0,0,0,0,0,0,0,0,0
"20220420_SP_FF_transaction_1_allocation_9",,"20220420_SP_FF_transaction_1_contract_1","f0437246",1,0,0,0,0,0,0,0,0,0
"20220420_SP_FF_transaction_1_allocation_10",,"20220420_SP_FF_transaction_1_contract_1","f024550",1,0,0,0,0,0,0,0,0,0
"20220420_SP_FF_transaction_1_allocation_11",,"20220420_SP_FF_transaction_1_contract_1","f083065",2,0,0,0,0,0,0,0,0,0
"20220420_SP_FF_transaction_1_allocation_12",,"20220420_SP_FF_transaction_1_contract_1","f01390330",14,0,0,0,0,0,0,0,0,0
"20220420_SP_FF_transaction_1_allocation_13",,"20220420_SP_FF_transaction_1_contract_1","f0116628",385,0,0,0,0,0,0,0,0,0
"20220420_SP_FF_transaction_1_allocation_14",,"20220420_SP_FF_transaction_1_contract_1","f024147",37,0,0,0,0,0,0,0,0,0
"20220420_SP_FF_transaction_1_allocation_15",,"20220420_SP_FF_transaction_1_contract_1","f01136409",1,0,0,0,0,0,0,0,0,0
"20220420_SP_FF_transaction_1_allocation_16",,"20220420_SP_FF_transaction_1_contract_1","f01024886",15,0,0,0,0,0,0,0,0,0
"20220420_SP_FF_transaction_1_allocation_17",,"20220420_SP_FF_transaction_1_contract_1","f0149768",115,0,0,0,0,0,0,0,0,0
"20220420_SP_FF_transaction_1_allocation_18",,"20220420_SP_FF_transaction_1_contract_1","f019362",11,0,0,0,0,0,0,0,0,0
"20220420_SP_FF_transaction_1_allocation_19",,"20220420_SP_FF_transaction_1_contract_1","f0152854",117,0,0,0,0,0,0,0,0,0
"20220420_SP_FF_transaction_1_allocation_20",,"20220420_SP_FF_transaction_1_contract_1","f018501",8,0,0,0,0,0,0,0,0,0
"20220420_SP_FF_transaction_1_allocation_21",,"20220420_SP_FF_transaction_1_contract_1","f01133130",1,0,0,0,0,0,0,0,0,0
"20220420_SP_FF_transaction_1_allocation_22",,"20220420_SP_FF_transaction_1_contract_1","f023981",26,0,0,0,0,0,0,0,0,0
"20220420_SP_FF_transaction_1_allocation_23",,"20220420_SP_FF_transaction_1_contract_1","f0763981",83,0,0,0,0,0,0,0,0,0
"20220420_SP_FF_transaction_1_allocation_24",,"20220420_SP_FF_transaction_1_contract_1","f024148",35,0,0,0,0,0,0,0,0,0
"20220420_SP_FF_transaction_1_allocation_25",,"20220420_SP_FF_transaction_1_contract_1","f023662",190,0,0,0,0,0,0,0,0,0
"20220420_SP_FF_transaction_1_allocation_26",,"20220420_SP_FF_transaction_1_contract_1","f07998",5,0,0,0,0,0,0,0,0,0
"20220420_SP_FF_transaction_1_allocation_27",,"20220420_SP_FF_transaction_1_contract_1","f094374",86,0,0,0,0,0,0,0,0,0
"20220420_SP_FF_transaction_1_allocation_28",,"20220420_SP_FF_transaction_1_contract_1","f023660",116,0,0,0,0,0,0,0,0,0
"20220420_SP_FF_transaction_1_allocation_29",,"20220420_SP_FF_transaction_1_contract_1","f023977",30,0,0,0,0,0,0,0,0,0
"20220420_SP_FF_transaction_1_allocation_30",,"20220420_SP_FF_transaction_1_contract_1","f0504054",49,0,0,0,0,0,0,0,0,0
"20220420_SP_FF_transaction_1_allocation_31",,"20220420_SP_FF_transaction_1_contract_1","f024014",28,0,0,0,0,0,0,0,0,0
"20220420_SP_FF_transaction_1_allocation_32",,"20220420_SP_FF_transaction_1_contract_1","f024085",20,0,0,0,0,0,0,0,0,0
"20220420_SP_FF_transaction_1_allocation_33",,"20220420_SP_FF_transaction_1_contract_1","f024006",108,0,0,0,0,0,0,0,0,0
"20220420_SP_FF_transaction_1_allocation_34",,"20220420_SP_FF_transaction_1_contract_1","f025025",3,0,0,0,0,0,0,0,0,0
"20220420_SP_FF_transaction_1_allocation_35",,"20220420_SP_FF_transaction_1_contract_1","f044160",25,0,0,0,0,0,0,0,0,0
"20220420_SP_FF_transaction_1_allocation_36",,"20220420_SP_FF_transaction_1_contract_1","f0432345",796,0,0,0,0,0,0,0,0,0
"20220420_SP_FF_transaction_1_allocation_37",,"20220420_SP_FF_transaction_1_contract_1","f03364",70,0,0,0,0,0,0,0,0,0
"20220420_SP_FF_transaction_1_allocation_38",,"20220420_SP_FF_transaction_1_contract_1","f050022",20,0,0,0,0,0,0,0,0,0
"20220420_SP_FF_transaction_1_allocation_39",,"20220420_SP_FF_transaction_1_contract_1","f024008",87,0,0,0,0,0,0,0,0,0
"20220420_SP_FF_transaction_1_allocation_40",,"20220420_SP_FF_transaction_1_contract_1","f024084",74,0,0,0,0,0,0,0,0,0
"20220420_SP_FF_transaction_1_allocation_41",,"20220420_SP_FF_transaction_1_contract_1","f024136",36,0,0,0,0,0,0,0,0,0
"20220420_SP_FF_transaction_1_allocation_42",,"20220420_SP_FF_transaction_1_contract_1","f023980",25,0,0,0,0,0,0,0,0,0
"20220420_SP_FF_transaction_1_allocation_43",,"20220420_SP_FF_transaction_1_contract_1","f042567",2,0,0,0,0,0,0,0,0,0
"20220420_SP_FF_transaction_1_allocation_44",,"20220420_SP_FF_transaction_1_contract_1","f066104",176,0,0,0,0,0,0,0,0,0
"20220420_SP_FF_transaction_1_allocation_45",,"20220420_SP_FF_transaction_1_contract_1","f02501",87,0,0,0,0,0,0,0,0,0
"20220420_SP_FF_transaction_1_allocation_46",,"20220420_SP_FF_transaction_1_contract_1","f023978",30,0,0,0,0,0,0,0,0,0
"20220420_SP_FF_transaction_1_allocation_47",,"20220420_SP_FF_transaction_1_contract_1","f02623",83,0,0,0,0,0,0,0,0,0
"20220420_SP_FF_transaction_1_allocation_48",,"20220420_SP_FF_transaction_1_contract_1","f023870",36,0,0,0,0,0,0,0,0,0
"20220420_SP_FF_transaction_1_allocation_49",,"20220420_SP_FF_transaction_1_contract_1","f022399",9,0,0,0,0,0,0,0,0,0
"20220420_SP_FF_transaction_1_allocation_50",,"20220420_SP_FF_transaction_1_contract_1","f022289",91,0,0,0,0,0,0,0,0,0
"20220420_SP_FF_transaction_1_allocation_51",,"20220420_SP_FF_transaction_1_contract_1","f01361111",1195,0,0,0,0,0,0,0,0,0
"20220420_SP_FF_transaction_1_allocation_52",,"20220420_SP_FF_transaction_1_contract_1","f097386",88,0,0,0,0,0,0,0,0,0
"20220420_SP_FF_transaction_1_allocation_53",,"20220420_SP_FF_transaction_1_contract_1","f01349435",66,0,0,0,0,0,0,0,0,0
"20220420_SP_FF_transaction_1_allocation_54",,"20220420_SP_FF_transaction_1_contract_1","f023854",99,0,0,0,0,0,0,0,0,0
"20220420_SP_FF_transaction_1_allocation_55",,"20220420_SP_FF_transaction_1_contract_1","f073697",21,0,0,0,0,0,0,0,0,0
"20220420_SP_FF_transaction_1_allocation_56",,"20220420_SP_FF_transaction_1_contract_1","f068528",18,0,0,0,0,0,0,0,0,0
"20220420_SP_FF_transaction_1_allocation_57",,"20220420_SP_FF_transaction_1_contract_1","f01392850",3,0,0,0,0,0,0,0,0,0
"20220420_SP_FF_transaction_1_allocation_58",,"20220420_SP_FF_transaction_1_contract_1","f0114924",134,0,0,0,0,0,0,0,0,0
"20220420_SP_FF_transaction_1_allocation_59",,"20220420_SP_FF_transaction_1_contract_1","f042540",448,0,0,0,0,0,0,0,0,0
"20220420_SP_FF_transaction_1_allocation_60",,"20220420_SP_FF_transaction_1_contract_1","f020523",2,0,0,0,0,0,0,0,0,0
"20220420_SP_FF_transaction_1_allocation_61",,"20220420_SP_FF_transaction_1_contract_1","f023825",240,0,0,0,0,0,0,0,0,0
"20220420_SP_FF_transaction_1_allocation_62",,"20220420_SP_FF_transaction_1_contract_1","f057466",1,0,0,0,0,0,0,0,0,0
"20220420_SP_FF_transaction_1_allocation_63",,"20220420_SP_FF_transaction_1_contract_1","f023179",7,0,0,0,0,0,0,0,0,0
"20220420_SP_FF_transaction_1_allocation_64",,"20220420_SP_FF_transaction_1_contract_1","f0694881",17,0,0,0,0,0,0,0,0,0
"20220420_SP_FF_transaction_1_allocation_65",,"20220420_SP_FF_transaction_1_contract_1","f062260",14,0,0,0,0,0,0,0,0,0
"20220420_SP_FF_transaction_1_allocation_66",,"20220420_SP_FF_transaction_1_contract_1","f0123931",394,0,0,0,0,0,0,0,0,0
"20220420_SP_FF_transaction_1_allocation_67",,"20220420_SP_FF_transaction_1_contract_1","f023871",35,0,0,0,0,0,0,0,0,0
"20220420_SP_FF_transaction_1_allocation_68",,"20220420_SP_FF_transaction_1_contract_1","f0399814",178,0,0,0,0,0,0,0,0,0
"20220420_SP_FF_transaction_1_allocation_69",,"20220420_SP_FF_transaction_1_contract_1","f023859",37,0,0,0,0,0,0,0,0,0
"20220420_SP_FF_transaction_1_allocation_70",,"20220420_SP_FF_transaction_1_contract_1","f03274",101,0,0,0,0,0,0,0,0,0
"20220420_SP_FF_transaction_1_allocation_71",,"20220420_SP_FF_transaction_1_contract_1","f056611",61,0,0,0,0,0,0,0,0,0
"20220420_SP_FF_transaction_1_allocation_72",,"20220420_SP_FF_transaction_1_contract_1","f0839509",183,0,0,0,0,0,0,0,0,0
"20220420_SP_FF_transaction_1_allocation_73",,"20220420_SP_FF_transaction_1_contract_1","f0158468",29,0,0,0,0,0,0,0,0,0
"20220420_SP_FF_transaction_1_allocation_74",,"20220420_SP_FF_transaction_1_contract_1","f0149455",10,0,0,0,0,0,0,0,0,0
"20220420_SP_FF_transaction_1_allocation_75",,"20220420_SP_FF_transaction_1_contract_1","f024013",48,0,0,0,0,0,0,0,0,0
"20220420_SP_FF_transaction_1_allocation_76",,"20220420_SP_FF_transaction_1_contract_1","f096974",64,0,0,0,0,0,0,0,0,0
"20220420_SP_FF_transaction_1_allocation_77",,"20220420_SP_FF_transaction_1_contract_1","f05315",116,0,0,0,0,0,0,0,0,0
"20220420_SP_FF_transaction_1_allocation_78",,"20220420_SP_FF_transaction_1_contract_1","f0159961",37,0,0,0,0,0,0,0,0,0
"20220420_SP_FF_transaction_1_allocation_79",,"20220420_SP_FF_transaction_1_contract_1","f0700999",31,0,0,0,0,0,0,0,0,0
"20220420_SP_FF_transaction_1_allocation_80",,"20220420_SP_FF_transaction_1_contract_1","f024146",35,0,0,0,0,0,0,0,0,0
"20220420_SP_FF_transaction_1_allocation_81",,"20220420_SP_FF_transaction_1_contract_1","f029401",450,0,0,0,0,0,0,0,0,0
"20220420_SP_FF_transaction_1_allocation_82",,"20220420_SP_FF_transaction_1_contract_1","f024007",102,0,0,0,0,0,0,0,0,0
"20220420_SP_FF_transaction_1_allocation_83",,"20220420_SP_FF_transaction_1_contract_1","f039800",28,0,0,0,0,0,0,0,0,0
"20220420_SP_FF_transaction_1_allocation_84",,"20220420_SP_FF_transaction_1_contract_1","f035436",29,0,0,0,0,0,0,0,0,0
"20220420_SP_FF_transaction_1_allocation_85",,"20220420_SP_FF_transaction_1_contract_1","f02622",86,0,0,0,0,0,0,0,0,0
"20220420_SP_FF_transaction_1_allocation_86",,"20220420_SP_FF_transaction_1_contract_1","f060072",373,0,0,0,0,0,0,0,0,0
"20220420_SP_FF_transaction_1_allocation_87",,"20220420_SP_FF_transaction_1_contract_1","f0832373",7,0,0,0,0,0,0,0,0,0
"20220420_SP_FF_transaction_1_allocation_88",,"20220420_SP_FF_transaction_1_contract_1","f018784",146,0,0,0,0,0,0,0,0,0
"20220420_SP_FF_transaction_1_allocation_89",,"20220420_SP_FF_transaction_1_contract_1","f023928",38,0,0,0,0,0,0,0,0,0
"20220420_SP_FF_transaction_1_allocation_90",,"20220420_SP_FF_transaction_1_contract_1","f0121533",1,0,0,0,0,0,0,0,0,0
"20220420_SP_FF_transaction_1_allocation_91",,"20220420_SP_FF_transaction_1_contract_1","f024012",18,0,0,0,0,0,0,0,0,0
"20220420_SP_FF_transaction_1_allocation_92",,"20220420_SP_FF_transaction_1_contract_1","f0118317",51,0,0,0,0,0,0,0,0,0
"20220420_SP_FF_transaction_1_allocation_93",,"20220420_SP_FF_transaction_1_contract_1","f018780",122,0,0,0,0,0,0,0,0,0
"20220420_SP_FF_transaction_1_allocation_94",,"20220420_SP_FF_transaction_1_contract_1","f014569",154,0,0,0,0,0,0,0,0,0
"20220420_SP_FF_transaction_1_allocation_95",,"20220420_SP_FF_transaction_1_contract_1","f023869",37,0,0,0,0,0,0,0,0,0
"20220420_SP_FF_transaction_1_allocation_96",,"20220420_SP_FF_transaction_1_contract_1","f0118330",50,0,0,0,0,0,0,0,0,0
"20220420_SP_FF_transaction_1_allocation_97",,"20220420_SP_FF_transaction_1_contract_1","f015233",578,0,0,0,0,0,0,0,0,0
"20220420_SP_FF_transaction_1_allocation_98",,"20220420_SP_FF_transaction_1_contract_1","f0216138",8,0,0,0,0,0,0,0,0,0
"20220420_SP_FF_transaction_1_allocation_99",,"20220420_SP_FF_transaction_1_contract_1","f081644",3,0,0,0,0,0,0,0,0,0
"20220420_SP_FF_transaction_1_allocation_100",,"20220420_SP_FF_transaction_1_contract_1","f0121768",293,0,0,0,0,0,0,0,0,0
"20220420_SP_FF_transaction_1_allocation_101",,"20220420_SP_FF_transaction_1_contract_1","f018785",138,0,0,0,0,0,0,0,0,0
"20220420_SP_FF_transaction_1_allocation_102",,"20220420_SP_FF_transaction_1_contract_1","f0146751",58,0,0,0,0,0,0,0,0,0
"20220420_SP_FF_transaction_1_allocation_103",,"20220420_SP_FF_transaction_1_contract_1","f023565",669,0,0,0,0,0,0,0,0,0
"20220420_SP_FF_transaction_1_allocation_104",,"20220420_SP_FF_transaction_1_contract_1","f024081",65,0,0,0,0,0,0,0,0,0
"20220420_SP_FF_transaction_1_allocation_105",,"20220420_SP_FF_transaction_1_contract_1","f023495",107,0,0,0,0,0,0,0,0,0
"20220420_SP_FF_transaction_1_allocation_106",,"20220420_SP_FF_transaction_1_contract_1","f08019",18,0,0,0,0,0,0,0,0,0
"20220420_SP_FF_transaction_1_allocation_107",,"20220420_SP_FF_transaction_1_contract_1","f022261",5,0,0,0,0,0,0,0,0,0
"20220420_SP_FF_transaction_1_allocation_108",,"20220420_SP_FF_transaction_1_contract_1","f01280",212,0,0,0,0,0,0,0,0,0
"20220420_SP_FF_transaction_1_allocation_109",,"20220420_SP_FF_transaction_1_contract_1","f039515",146,0,0,0,0,0,0,0,0,0
"20220420_SP_FF_transaction_1_allocation_110",,"20220420_SP_FF_transaction_1_contract_1","f023858",37,0,0,0,0,0,0,0,0,0
"20220420_SP_FF_transaction_1_allocation_111",,"20220420_SP_FF_transaction_1_contract_1","f03345",11,0,0,0,0,0,0,0,0,0
"20220420_SP_FF_transaction_1_allocation_112",,"20220420_SP_FF_transaction_1_contract_1","f023868",36,0,0,0,0,0,0,0,0,0
"20220420_SP_FF_transaction_1_allocation_113",,"20220420_SP_FF_transaction_1_contract_1","f061740",308,0,0,0,0,0,0,0,0,0
"20220420_SP_FF_transaction_1_allocation_114",,"20220420_SP_FF_transaction_1_contract_1","f023855",111,0,0,0,0,0,0,0,0,0
"20220420_SP_FF_transaction_1_allocation_115",,"20220420_SP_FF_transaction_1_contract_1","f08383",70,0,0,0,0,0,0,0,0,0
"20220420_SP_FF_transaction_1_allocation_116",,"20220420_SP_FF_transaction_1_contract_1","f03339",82,0,0,0,0,0,0,0,0,0
"20220420_SP_FF_transaction_1_allocation_117",,"20220420_SP_FF_transaction_1_contract_1","f0142637",17,0,0,0,0,0,0,0,0,0
"20220420_SP_FF_transaction_1_allocation_118",,"20220420_SP_FF_transaction_1_contract_1","f018781",94,0,0,0,0,0,0,0,0,0
"20220420_SP_FF_transaction_1_allocation_119",,"20220420_SP_FF_transaction_1_contract_1","f01216923",775,0,0,0,0,0,0,0,0,0
"20220420_SP_FF_transaction_1_allocation_120",,"20220420_SP_FF_transaction_1_contract_1","f020541",1,0,0,0,0,0,0,0,0,0
"20220420_SP_FF_transaction_1_allocation_121",,"20220420_SP_FF_transaction_1_contract_1","f086423",70,0,0,0,0,0,0,0,0,0
"20220420_SP_FF_transaction_1_allocation_122",,"20220420_SP_FF_transaction_1_contract_1","f0134991",575,0,0,0,0,0,0,0,0,0
"20220420_SP_FF_transaction_1_allocation_123",,"20220420_SP_FF_transaction_1_contract_1","f021075",52,0,0,0,0,0,0,0,0,0
"20220420_SP_FF_transaction_1_allocation_124",,"20220420_SP_FF_transaction_1_contract_1","f018782",155,0,0,0,0,0,0,0,0,0
"20220420_SP_FF_transaction_1_allocation_125",,"20220420_SP_FF_transaction_1_contract_1","f023853",121,0,0,0,0,0,0,0,0,0
"20220420_SP_FF_transaction_1_allocation_126",,"20220420_SP_FF_transaction_1_contract_1","f023861",40,0,0,0,0,0,0,0,0,0
"20220420_SP_FF_transaction_1_allocation_127",,"20220420_SP_FF_transaction_1_contract_1","f0134518",16,0,0,0,0,0,0,0,0,0
"20220420_SP_FF_transaction_1_allocation_128",,"20220420_SP_FF_transaction_1_contract_1","f0410001",118,0,0,0,0,0,0,0,0,0
"20220420_SP_FF_transaction_1_allocation_129",,"20220420_SP_FF_transaction_1_contract_1","f0149765",658,0,0,0,0,0,0,0,0,0
"20220420_SP_FF_transaction_1_allocation_130",,"20220420_SP_FF_transaction_1_contract_1","f042558",498,0,0,0,0,0,0,0,0,0
"20220420_SP_FF_transaction_1_allocation_131",,"20220420_SP_FF_transaction_1_contract_1","f065103",69,0,0,0,0,0,0,0,0,0
"20220420_SP_FF_transaction_1_allocation_132",,"20220420_SP_FF_transaction_1_contract_1","f030335",20,0,0,0,0,0,0,0,0,0
"20220420_SP_FF_transaction_1_allocation_133",,"20220420_SP_FF_transaction_1_contract_1","f0116436",18,0,0,0,0,0,0,0,0,0
"20220420_SP_FF_transaction_1_allocation_134",,"20220420_SP_FF_transaction_1_contract_1","f048669",355,0,0,0,0,0,0,0,0,0
"20220420_SP_FF_transaction_1_allocation_135",,"20220420_SP_FF_transaction_1_contract_1","f01131751",26,0,0,0,0,0,0,0,0,0
"20220420_SP_FF_transaction_1_allocation_136",,"20220420_SP_FF_transaction_1_contract_1","f021255",277,0,0,0,0,0,0,0,0,0
"20220420_SP_FF_transaction_1_allocation_137",,"20220420_SP_FF_transaction_1_contract_1","f034258",4,0,0,0,0,0,0,0,0,0
"20220420_SP_FF_transaction_1_allocation_138",,"20220420_SP_FF_transaction_1_contract_1","f086151",8,0,0,0,0,0,0,0,0,0
"20220420_SP_FF_transaction_1_allocation_139",,"20220420_SP_FF_transaction_1_contract_1","f03273",104,0,0,0,0,0,0,0,0,0
"20220420_SP_FF_transaction_1_allocation_140",,"20220420_SP_FF_transaction_1_contract_1","f01210794",15,0,0,0,0,0,0,0,0,0
"20220420_SP_FF_transaction_1_allocation_141",,"20220420_SP_FF_transaction_1_contract_1","f063869",221,0,0,0,0,0,0,0,0,0
"20220420_SP_FF_transaction_1_allocation_142",,"20220420_SP_FF_transaction_1_contract_1","f08157",226,0,0,0,0,0,0,0,0,0
"20220420_SP_FF_transaction_1_allocation_143",,"20220420_SP_FF_transaction_1_contract_1","f024015",170,0,0,0,0,0,0,0,0,0
"20220420_SP_FF_transaction_1_allocation_144",,"20220420_SP_FF_transaction_1_contract_1","f057614",24,0,0,0,0,0,0,0,0,0
"20220420_SP_FF_transaction_1_allocation_145",,"20220420_SP_FF_transaction_1_contract_1","f083638",192,0,0,0,0,0,0,0,0,0
"20220420_SP_FF_transaction_1_allocation_146",,"20220420_SP_FF_transaction_1_contract_1","f021714",20,0,0,0,0,0,0,0,0,0
"20220420_SP_FF_transaction_1_allocation_147",,"20220420_SP_FF_transaction_1_contract_1","f01291138",30,0,0,0,0,0,0,0,0,0
"20220420_SP_FF_transaction_1_allocation_148",,"20220420_SP_FF_transaction_1_contract_1","f0694172",8,0,0,0,0,0,0,0,0,0
"20220420_SP_FF_transaction_1_allocation_149",,"20220420_SP_FF_transaction_1_contract_1","f01104909",284,0,0,0,0,0,0,0,0,0
"20220420_SP_FF_transaction_1_allocation_150",,"20220420_SP_FF_transaction_1_contract_1","f01272",1037,0,0,0,0,0,0,0,0,0
"20220420_SP_FF_transaction_1_allocation_151",,"20220420_SP_FF_transaction_1_contract_1","f021444",2,0,0,0,0,0,0,0,0,0
"20220420_SP_FF_transaction_1_allocation_152",,"20220420_SP_FF_transaction_1_contract_1","f0110133",2,0,0,0,0,0,0,0,0,0
"20220420_SP_FF_transaction_1_allocation_153",,"20220420_SP_FF_transaction_1_contract_1","f0747617",154,0,0,0,0,0,0,0,0,0
"20220420_SP_FF_transaction_1_allocation_154",,"20220420_SP_FF_transaction_1_contract_1","f022308",35,0,0,0,0,0,0,0,0,0
"20220420_SP_FF_transaction_1_allocation_155",,"20220420_SP_FF_transaction_1_contract_1","f05317",111,0,0,0,0,0,0,0,0,0
"20220420_SP_FF_transaction_1_allocation_156",,"20220420_SP_FF_transaction_1_contract_1","f0134516",48,0,0,0,0,0,0,0,0,0
"20220420_SP_FF_transaction_1_allocation_157",,"20220420_SP_FF_transaction_1_contract_1","f010241",118,0,0,0,0,0,0,0,0,0
"20220420_SP_FF_transaction_1_allocation_158",,"20220420_SP_FF_transaction_1_contract_1","f01203985",29,0,0,0,0,0,0,0,0,0
"20220420_SP_FF_transaction_1_allocation_159",,"20220420_SP_FF_transaction_1_contract_1","f01159240",26,0,0,0,0,0,0,0,0,0
"20220420_SP_FF_transaction_1_allocation_160",,"20220420_SP_FF_transaction_1_contract_1","f058000",27,0,0,0,0,0,0,0,0,0
"20220420_SP_FF_transaction_1_allocation_161",,"20220420_SP_FF_transaction_1_contract_1","f010507",24,0,0,0,0,0,0,0,0,0
"20220420_SP_FF_transaction_1_allocation_162",,"20220420_SP_FF_transaction_1_contract_1","f01203603",41,0,0,0,0,0,0,0,0,0
"20220420_SP_FF_transaction_1_allocation_163",,"20220420_SP_FF_transaction_1_contract_1","f052447",98,0,0,0,0,0,0,0,0,0
"20220420_SP_FF_transaction_1_allocation_164",,"20220420_SP_FF_transaction_1_contract_1","f018783",123,0,0,0,0,0,0,0,0,0
"20220420_SP_FF_transaction_1_allocation_165",,"20220420_SP_FF_transaction_1_contract_1","f02627",2,0,0,0,0,0,0,0,0,0
"20220420_SP_FF_transaction_1_allocation_166",,"20220420_SP_FF_transaction_1_contract_1","f024016",134,0,0,0,0,0,0,0,0,0
"20220420_SP_FF_transaction_1_allocation_167",,"20220420_SP_FF_transaction_1_contract_1","f0400920",129,0,0,0,0,0,0,0,0,0
"20220420_SP_FF_transaction_1_allocation_168",,"20220420_SP_FF_transaction_1_contract_1","f0157941",144,0,0,0,0,0,0,0,0,0
"20220420_SP_FF_transaction_1_allocation_169",,"20220420_SP_FF_transaction_1_contract_1","f0109043",7,0,0,0,0,0,0,0,0,0
"20220420_SP_FF_transaction_1_allocation_170",,"20220420_SP_FF_transaction_1_contract_1","f0488887",248,0,0,0,0,0,0,0,0,0
"20220420_SP_FF_transaction_1_allocation_171",,"20220420_SP_FF_transaction_1_contract_1","f0877545",55,0,0,0,0,0,0,0,0,0
"20220420_SP_FF_transaction_1_allocation_172",,"20220420_SP_FF_transaction_1_contract_1","f054163",2,0,0,0,0,0,0,0,0,0
"20220420_SP_FF_transaction_1_allocation_173",,"20220420_SP_FF_transaction_1_contract_1","f039940",14,0,0,0,0,0,0,0,0,0
"20220420_SP_FF_transaction_1_allocation_174",,"20220420_SP_FF_transaction_1_contract_1","f082095",680,0,0,0,0,0,0,0,0,0
"20220420_SP_FF_transaction_1_allocation_175",,"20220420_SP_FF_transaction_1_contract_1","f03347",71,0,0,0,0,0,0,0,0,0
"20220420_SP_FF_transaction_1_allocation_176",,"20220420_SP_FF_transaction_1_contract_1","f062334",155,0,0,0,0,0,0,0,0,0
"20220420_SP_FF_transaction_1_allocation_177",,"20220420_SP_FF_transaction_1_contract_1","f029404",35,0,0,0,0,0,0,0,0,0
"20220420_SP_FF_transaction_1_allocation_178",,"20220420_SP_FF_transaction_1_contract_1","f09696",60,0,0,0,0,0,0,0,0,0
"20220420_SP_FF_transaction_1_allocation_179",,"20220420_SP_FF_transaction_1_contract_1","f01095915",14,0,0,0,0,0,0,0,0,0
"20220420_SP_FF_transaction_1_allocation_180",,"20220420_SP_FF_transaction_1_contract_1","f0116445",18,0,0,0,0,0,0,0,0,0
"20220420_SP_FF_transaction_1_allocation_181",,"20220420_SP_FF_transaction_1_contract_1","f021254",263,0,0,0,0,0,0,0,0,0
"20220420_SP_FF_transaction_1_allocation_182",,"20220420_SP_FF_transaction_1_contract_1","f083903",63,0,0,0,0,0,0,0,0,0
"20220420_SP_FF_transaction_1_allocation_183",,"20220420_SP_FF_transaction_1_contract_1","f01212031",69,0,0,0,0,0,0,0,0,0
"20220420_SP_FF_transaction_1_allocation_184",,"20220420_SP_FF_transaction_1_contract_1","f022853",198,0,0,0,0,0,0,0,0,0
"20220420_SP_FF_transaction_1_allocation_185",,"20220420_SP_FF_transaction_1_contract_1","f0133886",13,0,0,0,0,0,0,0,0,0
"20220420_SP_FF_transaction_1_allocation_186",,"20220420_SP_FF_transaction_1_contract_1","f01183585",63,0,0,0,0,0,0,0,0,0
"20220420_SP_FF_transaction_1_allocation_187",,"20220420_SP_FF_transaction_1_contract_1","f01104889",287,0,0,0,0,0,0,0,0,0
"20220420_SP_FF_transaction_1_allocation_188",,"20220420_SP_FF_transaction_1_contract_1","f01142318",171,0,0,0,0,0,0,0,0,0
"20220420_SP_FF_transaction_1_allocation_189",,"20220420_SP_FF_transaction_1_contract_1","f01099820",177,0,0,0,0,0,0,0,0,0
"20220420_SP_FF_transaction_1_allocation_190",,"20220420_SP_FF_transaction_1_contract_1","f01128462",33,0,0,0,0,0,0,0,0,0
"20220420_SP_FF_transaction_1_allocation_191",,"20220420_SP_FF_transaction_1_contract_1","f05316",127,0,0,0,0,0,0,0,0,0
"20220420_SP_FF_transaction_1_allocation_192",,"20220420_SP_FF_transaction_1_contract_1","f065200",58,0,0,0,0,0,0,0,0,0
"20220420_SP_FF_transaction_1_allocation_193",,"20220420_SP_FF_transaction_1_contract_1","f0403177",1,0,0,0,0,0,0,0,0,0
"20220420_SP_FF_transaction_1_allocation_194",,"20220420_SP_FF_transaction_1_contract_1","f034047",15,0,0,0,0,0,0,0,0,0
"20220420_SP_FF_transaction_1_allocation_195",,"20220420_SP_FF_transaction_1_contract_1","f08197",5,0,0,0,0,0,0,0,0,0
"20220420_SP_FF_transaction_1_allocation_196",,"20220420_SP_FF_transaction_1_contract_1","f01241",208,0,0,0,0,0,0,0,0,0
"20220420_SP_FF_transaction_1_allocation_197",,"20220420_SP_FF_transaction_1_contract_1","f0152337",903,0,0,0,0,0,0,0,0,0
"20220420_SP_FF_transaction_1_allocation_198",,"20220420_SP_FF_transaction_1_contract_1","f061158",8,0,0,0,0,0,0,0,0,0
"20220420_SP_FF_transaction_1_allocation_199",,"20220420_SP_FF_transaction_1_contract_1","f089380",72,0,0,0,0,0,0,0,0,0
"20220420_SP_FF_transaction_1_allocation_200",,"20220420_SP_FF_transaction_1_contract_1","f010253",119,0,0,0,0,0,0,0,0,0
"20220420_SP_FF_transaction_1_allocation_201",,"20220420_SP_FF_transaction_1_contract_1","f01160668",46,0,0,0,0,0,0,0,0,0
"20220420_SP_FF_transaction_1_allocation_202",,"20220420_SP_FF_transaction_1_contract_1","f053229",251,0,0,0,0,0,0,0,0,0
"20220420_SP_FF_transaction_1_allocation_203",,"20220420_SP_FF_transaction_1_contract_1","f0218407",11,0,0,0,0,0,0,0,0,0
"20220420_SP_FF_transaction_1_allocation_204",,"20220420_SP_FF_transaction_1_contract_1","f053088",2,0,0,0,0,0,0,0,0,0
"20220420_SP_FF_transaction_1_allocation_205",,"20220420_SP_FF_transaction_1_contract_1","f02514",142,0,0,0,0,0,0,0,0,0
"20220420_SP_FF_transaction_1_allocation_206",,"20220420_SP_FF_transaction_1_contract_1","f03275",94,0,0,0,0,0,0,0,0,0
"20220420_SP_FF_transaction_1_allocation_207",,"20220420_SP_FF_transaction_1_contract_1","f0393359",1,0,0,0,0,0,0,0,0,0
"20220420_SP_FF_transaction_1_allocation_208",,"20220420_SP_FF_transaction_1_contract_1","f010405",1,0,0,0,0,0,0,0,0,0
"20220420_SP_FF_transaction_1_allocation_209",,"20220420_SP_FF_transaction_1_contract_1","f070932",2638,0,0,0,0,0,0,0,0,0
"20220420_SP_FF_transaction_1_allocation_210",,"20220420_SP_FF_transaction_1_contract_1","f01675393",7,0,0,0,0,0,0,0,0,0
"20220420_SP_FF_transaction_1_allocation_211",,"20220420_SP_FF_transaction_1_contract_1","f0141446",424,0,0,0,0,0,0,0,0,0
"20220420_SP_FF_transaction_1_allocation_212",,"20220420_SP_FF_transaction_1_contract_1","f023876",35,0,0,0,0,0,0,0,0,0
"20220420_SP_FF_transaction_1_allocation_213",,"20220420_SP_FF_transaction_1_contract_1","f033189",4,0,0,0,0,0,0,0,0,0
"20220420_SP_FF_transaction_1_allocation_214",,"20220420_SP_FF_transaction_1_contract_1","f015885",533,0,0,0,0,0,0,0,0,0
"20220420_SP_FF_transaction_1_allocation_215",,"20220420_SP_FF_transaction_1_contract_1","f0133957",387,0,0,0,0,0,0,0,0,0
"20220420_SP_FF_transaction_1_allocation_216",,"20220420_SP_FF_transaction_1_contract_1","f019002",491,0,0,0,0,0,0,0,0,0
"20220420_SP_FF_transaction_1_allocation_217",,"20220420_SP_FF_transaction_1_contract_1","f021479",1068,0,0,0,0,0,0,0,0,0
"20220420_SP_FF_transaction_1_allocation_218",,"20220420_SP_FF_transaction_1_contract_2","f01386984",396,0,0,0,0,0,0,0,0,0
"20220420_SP_FF_transaction_1_allocation_219",,"20220420_SP_FF_transaction_1_contract_2","f01606675",609,0,0,0,0,0,0,0,0,0
"20220420_SP_FF_transaction_1_allocation_220",,"20220420_SP_FF_transaction_1_contract_2","f01482290",31,0,0,0,0,0,0,0,0,0
"20220420_SP_FF_transaction_1_allocation_221",,"20220420_SP_FF_transaction_1_contract_2","f01448847",8,0,0,0,0,0,0,0,0,0
"20220420_SP_FF_transaction_1_allocation_222",,"20220420_SP_FF_transaction_1_contract_2","f01398391",5,0,0,0,0,0,0,0,0,0
"20220420_SP_FF_transaction_1_allocation_223",,"20220420_SP_FF_transaction_1_contract_2","f07819",2,0,0,0,0,0,0,0,0,0
"20220420_SP_FF_transaction_1_allocation_224",,"20220420_SP_FF_transaction_1_contract_2","f0110567",1,0,0,0,0,0,0,0,0,0
"20220420_SP_FF_transaction_1_allocation_225",,"20220420_SP_FF_transaction_1_contract_2","f0857798",48,0,0,0,0,0,0,0,0,0
"20220420_SP_FF_transaction_1_allocation_226",,"20220420_SP_FF_transaction_1_contract_2","f0437246",1,0,0,0,0,0,0,0,0,0
"20220420_SP_FF_transaction_1_allocation_227",,"20220420_SP_FF_transaction_1_contract_2","f024550",1,0,0,0,0,0,0,0,0,0
"20220420_SP_FF_transaction_1_allocation_228",,"20220420_SP_FF_transaction_1_contract_2","f083065",2,0,0,0,0,0,0,0,0,0
"20220420_SP_FF_transaction_1_allocation_229",,"20220420_SP_FF_transaction_1_contract_2","f01390330",15,0,0,0,0,0,0,0,0,0
"20220420_SP_FF_transaction_1_allocation_230",,"20220420_SP_FF_transaction_1_contract_2","f0116628",389,0,0,0,0,0,0,0,0,0
"20220420_SP_FF_transaction_1_allocation_231",,"20220420_SP_FF_transaction_1_contract_2","f024147",37,0,0,0,0,0,0,0,0,0
"20220420_SP_FF_transaction_1_allocation_232",,"20220420_SP_FF_transaction_1_contract_2","f01136409",1,0,0,0,0,0,0,0,0,0
"20220420_SP_FF_transaction_1_allocation_233",,"20220420_SP_FF_transaction_1_contract_2","f01024886",15,0,0,0,0,0,0,0,0,0
"20220420_SP_FF_transaction_1_allocation_234",,"20220420_SP_FF_transaction_1_contract_2","f0149768",117,0,0,0,0,0,0,0,0,0
"20220420_SP_FF_transaction_1_allocation_235",,"20220420_SP_FF_transaction_1_contract_2","f019362",10,0,0,0,0,0,0,0,0,0
"20220420_SP_FF_transaction_1_allocation_236",,"20220420_SP_FF_transaction_1_contract_2","f0152854",118,0,0,0,0,0,0,0,0,0
"20220420_SP_FF_transaction_1_allocation_237",,"20220420_SP_FF_transaction_1_contract_2","f018501",8,0,0,0,0,0,0,0,0,0
"20220420_SP_FF_transaction_1_allocation_238",,"20220420_SP_FF_transaction_1_contract_2","f01133130",1,0,0,0,0,0,0,0,0,0
"20220420_SP_FF_transaction_1_allocation_239",,"20220420_SP_FF_transaction_1_contract_2","f023981",26,0,0,0,0,0,0,0,0,0
"20220420_SP_FF_transaction_1_allocation_240",,"20220420_SP_FF_transaction_1_contract_2","f0763981",84,0,0,0,0,0,0,0,0,0
"20220420_SP_FF_transaction_1_allocation_241",,"20220420_SP_FF_transaction_1_contract_2","f024148",35,0,0,0,0,0,0,0,0,0
"20220420_SP_FF_transaction_1_allocation_242",,"20220420_SP_FF_transaction_1_contract_2","f023662",192,0,0,0,0,0,0,0,0,0
"20220420_SP_FF_transaction_1_allocation_243",,"20220420_SP_FF_transaction_1_contract_2","f07998",5,0,0,0,0,0,0,0,0,0
"20220420_SP_FF_transaction_1_allocation_244",,"20220420_SP_FF_transaction_1_contract_2","f094374",87,0,0,0,0,0,0,0,0,0
"20220420_SP_FF_transaction_1_allocation_245",,"20220420_SP_FF_transaction_1_contract_2","f023660",117,0,0,0,0,0,0,0,0,0
"20220420_SP_FF_transaction_1_allocation_246",,"20220420_SP_FF_transaction_1_contract_2","f023977",30,0,0,0,0,0,0,0,0,0
"20220420_SP_FF_transaction_1_allocation_247",,"20220420_SP_FF_transaction_1_contract_2","f0504054",35,0,0,0,0,0,0,0,0,0
"20220420_SP_FF_transaction_1_allocation_248",,"20220420_SP_FF_transaction_1_contract_2","f024014",28,0,0,0,0,0,0,0,0,0
"20220420_SP_FF_transaction_1_allocation_249",,"20220420_SP_FF_transaction_1_contract_2","f024085",21,0,0,0,0,0,0,0,0,0
"20220420_SP_FF_transaction_1_allocation_250",,"20220420_SP_FF_transaction_1_contract_2","f024006",109,0,0,0,0,0,0,0,0,0
"20220420_SP_FF_transaction_1_allocation_251",,"20220420_SP_FF_transaction_1_contract_2","f025025",4,0,0,0,0,0,0,0,0,0
"20220420_SP_FF_transaction_1_allocation_252",,"20220420_SP_FF_transaction_1_contract_2","f044160",26,0,0,0,0,0,0,0,0,0
"20220420_SP_FF_transaction_1_allocation_253",,"20220420_SP_FF_transaction_1_contract_2","f0432345",805,0,0,0,0,0,0,0,0,0
"20220420_SP_FF_transaction_1_allocation_254",,"20220420_SP_FF_transaction_1_contract_2","f03364",102,0,0,0,0,0,0,0,0,0
"20220420_SP_FF_transaction_1_allocation_255",,"20220420_SP_FF_transaction_1_contract_2","f050022",21,0,0,0,0,0,0,0,0,0
"20220420_SP_FF_transaction_1_allocation_256",,"20220420_SP_FF_transaction_1_contract_2","f024008",88,0,0,0,0,0,0,0,0,0
"20220420_SP_FF_transaction_1_allocation_257",,"20220420_SP_FF_transaction_1_contract_2","f024084",75,0,0,0,0,0,0,0,0,0
"20220420_SP_FF_transaction_1_allocation_258",,"20220420_SP_FF_transaction_1_contract_2","f024136",37,0,0,0,0,0,0,0,0,0
"20220420_SP_FF_transaction_1_allocation_259",,"20220420_SP_FF_transaction_1_contract_2","f023980",25,0,0,0,0,0,0,0,0,0
"20220420_SP_FF_transaction_1_allocation_260",,"20220420_SP_FF_transaction_1_contract_2","f042567",2,0,0,0,0,0,0,0,0,0
"20220420_SP_FF_transaction_1_allocation_261",,"20220420_SP_FF_transaction_1_contract_2","f066104",178,0,0,0,0,0,0,0,0,0
"20220420_SP_FF_transaction_1_allocation_262",,"20220420_SP_FF_transaction_1_contract_2","f02501",88,0,0,0,0,0,0,0,0,0
"20220420_SP_FF_transaction_1_allocation_263",,"20220420_SP_FF_transaction_1_contract_2","f023978",30,0,0,0,0,0,0,0,0,0
"20220420_SP_FF_transaction_1_allocation_264",,"20220420_SP_FF_transaction_1_contract_2","f02623",84,0,0,0,0,0,0,0,0,0
"20220420_SP_FF_transaction_1_allocation_265",,"20220420_SP_FF_transaction_1_contract_2","f023870",37,0,0,0,0,0,0,0,0,0
"20220420_SP_FF_transaction_1_allocation_266",,"20220420_SP_FF_transaction_1_contract_2","f022399",11,0,0,0,0,0,0,0,0,0
"20220420_SP_FF_transaction_1_allocation_267",,"20220420_SP_FF_transaction_1_contract_2","f022289",92,0,0,0,0,0,0,0,0,0
"20220420_SP_FF_transaction_1_allocation_268",,"20220420_SP_FF_transaction_1_contract_2","f01361111",598,0,0,0,0,0,0,0,0,0
"20220420_SP_FF_transaction_1_allocation_269",,"20220420_SP_FF_transaction_1_contract_2","f097386",89,0,0,0,0,0,0,0,0,0
"20220420_SP_FF_transaction_1_allocation_270",,"20220420_SP_FF_transaction_1_contract_2","f01349435",84,0,0,0,0,0,0,0,0,0
"20220420_SP_FF_transaction_1_allocation_271",,"20220420_SP_FF_transaction_1_contract_2","f023854",100,0,0,0,0,0,0,0,0,0
"20220420_SP_FF_transaction_1_allocation_272",,"20220420_SP_FF_transaction_1_contract_2","f073697",21,0,0,0,0,0,0,0,0,0
"20220420_SP_FF_transaction_1_allocation_273",,"20220420_SP_FF_transaction_1_contract_2","f068528",19,0,0,0,0,0,0,0,0,0
"20220420_SP_FF_transaction_1_allocation_274",,"20220420_SP_FF_transaction_1_contract_2","f01392850",3,0,0,0,0,0,0,0,0,0
"20220420_SP_FF_transaction_1_allocation_275",,"20220420_SP_FF_transaction_1_contract_2","f0114924",135,0,0,0,0,0,0,0,0,0
"20220420_SP_FF_transaction_1_allocation_276",,"20220420_SP_FF_transaction_1_contract_2","f042540",453,0,0,0,0,0,0,0,0,0
"20220420_SP_FF_transaction_1_allocation_277",,"20220420_SP_FF_transaction_1_contract_2","f020523",2,0,0,0,0,0,0,0,0,0
"20220420_SP_FF_transaction_1_allocation_278",,"20220420_SP_FF_transaction_1_contract_2","f023825",243,0,0,0,0,0,0,0,0,0
"20220420_SP_FF_transaction_1_allocation_279",,"20220420_SP_FF_transaction_1_contract_2","f057466",1,0,0,0,0,0,0,0,0,0
"20220420_SP_FF_transaction_1_allocation_280",,"20220420_SP_FF_transaction_1_contract_2","f023179",8,0,0,0,0,0,0,0,0,0
"20220420_SP_FF_transaction_1_allocation_281",,"20220420_SP_FF_transaction_1_contract_2","f0694881",17,0,0,0,0,0,0,0,0,0
"20220420_SP_FF_transaction_1_allocation_282",,"20220420_SP_FF_transaction_1_contract_2","f062260",14,0,0,0,0,0,0,0,0,0
"20220420_SP_FF_transaction_1_allocation_283",,"20220420_SP_FF_transaction_1_contract_2","f0123931",272,0,0,0,0,0,0,0,0,0
"20220420_SP_FF_transaction_1_allocation_284",,"20220420_SP_FF_transaction_1_contract_2","f023871",36,0,0,0,0,0,0,0,0,0
"20220420_SP_FF_transaction_1_allocation_285",,"20220420_SP_FF_transaction_1_contract_2","f0399814",180,0,0,0,0,0,0,0,0,0
"20220420_SP_FF_transaction_1_allocation_286",,"20220420_SP_FF_transaction_1_contract_2","f023859",38,0,0,0,0,0,0,0,0,0
"20220420_SP_FF_transaction_1_allocation_287",,"20220420_SP_FF_transaction_1_contract_2","f03274",102,0,0,0,0,0,0,0,0,0
"20220420_SP_FF_transaction_1_allocation_288",,"20220420_SP_FF_transaction_1_contract_2","f056611",61,0,0,0,0,0,0,0,0,0
"20220420_SP_FF_transaction_1_allocation_289",,"20220420_SP_FF_transaction_1_contract_2","f0839509",107,0,0,0,0,0,0,0,0,0
"20220420_SP_FF_transaction_1_allocation_290",,"20220420_SP_FF_transaction_1_contract_2","f0158468",29,0,0,0,0,0,0,0,0,0
"20220420_SP_FF_transaction_1_allocation_291",,"20220420_SP_FF_transaction_1_contract_2","f0149455",11,0,0,0,0,0,0,0,0,0
"20220420_SP_FF_transaction_1_allocation_292",,"20220420_SP_FF_transaction_1_contract_2","f024013",49,0,0,0,0,0,0,0,0,0
"20220420_SP_FF_transaction_1_allocation_293",,"20220420_SP_FF_transaction_1_contract_2","f096974",64,0,0,0,0,0,0,0,0,0
"20220420_SP_FF_transaction_1_allocation_294",,"20220420_SP_FF_transaction_1_contract_2","f05315",118,0,0,0,0,0,0,0,0,0
"20220420_SP_FF_transaction_1_allocation_295",,"20220420_SP_FF_transaction_1_contract_2","f0159961",37,0,0,0,0,0,0,0,0,0
"20220420_SP_FF_transaction_1_allocation_296",,"20220420_SP_FF_transaction_1_contract_2","f0700999",32,0,0,0,0,0,0,0,0,0
"20220420_SP_FF_transaction_1_allocation_297",,"20220420_SP_FF_transaction_1_contract_2","f024146",36,0,0,0,0,0,0,0,0,0
"20220420_SP_FF_transaction_1_allocation_298",,"20220420_SP_FF_transaction_1_contract_2","f029401",455,0,0,0,0,0,0,0,0,0
"20220420_SP_FF_transaction_1_allocation_299",,"20220420_SP_FF_transaction_1_contract_2","f024007",103,0,0,0,0,0,0,0,0,0
"20220420_SP_FF_transaction_1_allocation_300",,"20220420_SP_FF_transaction_1_contract_2","f039800",28,0,0,0,0,0,0,0,0,0
"20220420_SP_FF_transaction_1_allocation_301",,"20220420_SP_FF_transaction_1_contract_2","f035436",29,0,0,0,0,0,0,0,0,0
"20220420_SP_FF_transaction_1_allocation_302",,"20220420_SP_FF_transaction_1_contract_2","f02622",87,0,0,0,0,0,0,0,0,0
"20220420_SP_FF_transaction_1_allocation_303",,"20220420_SP_FF_transaction_1_contract_2","f060072",371,0,0,0,0,0,0,0,0,0
"20220420_SP_FF_transaction_1_allocation_304",,"20220420_SP_FF_transaction_1_contract_2","f0832373",7,0,0,0,0,0,0,0,0,0
"20220420_SP_FF_transaction_1_allocation_305",,"20220420_SP_FF_transaction_1_contract_2","f018784",148,0,0,0,0,0,0,0,0,0
"20220420_SP_FF_transaction_1_allocation_306",,"20220420_SP_FF_transaction_1_contract_2","f023928",38,0,0,0,0,0,0,0,0,0
"20220420_SP_FF_transaction_1_allocation_307",,"20220420_SP_FF_transaction_1_contract_2","f0121533",1,0,0,0,0,0,0,0,0,0
"20220420_SP_FF_transaction_1_allocation_308",,"20220420_SP_FF_transaction_1_contract_2","f024012",19,0,0,0,0,0,0,0,0,0
"20220420_SP_FF_transaction_1_allocation_309",,"20220420_SP_FF_transaction_1_contract_2","f0118317",41,0,0,0,0,0,0,0,0,0
"20220420_SP_FF_transaction_1_allocation_310",,"20220420_SP_FF_transaction_1_contract_2","f018780",123,0,0,0,0,0,0,0,0,0
"20220420_SP_FF_transaction_1_allocation_311",,"20220420_SP_FF_transaction_1_contract_2","f014569",155,0,0,0,0,0,0,0,0,0
"20220420_SP_FF_transaction_1_allocation_312",,"20220420_SP_FF_transaction_1_contract_2","f023869",37,0,0,0,0,0,0,0,0,0
"20220420_SP_FF_transaction_1_allocation_313",,"20220420_SP_FF_transaction_1_contract_2","f0118330",40,0,0,0,0,0,0,0,0,0
"20220420_SP_FF_transaction_1_allocation_314",,"20220420_SP_FF_transaction_1_contract_2","f015233",361,0,0,0,0,0,0,0,0,0
"20220420_SP_FF_transaction_1_allocation_315",,"20220420_SP_FF_transaction_1_contract_2","f0216138",8,0,0,0,0,0,0,0,0,0
"20220420_SP_FF_transaction_1_allocation_316",,"20220420_SP_FF_transaction_1_contract_2","f081644",3,0,0,0,0,0,0,0,0,0
"20220420_SP_FF_transaction_1_allocation_317",,"20220420_SP_FF_transaction_1_contract_2","f0121768",296,0,0,0,0,0,0,0,0,0
"20220420_SP_FF_transaction_1_allocation_318",,"20220420_SP_FF_transaction_1_contract_2","f018785",140,0,0,0,0,0,0,0,0,0
"20220420_SP_FF_transaction_1_allocation_319",,"20220420_SP_FF_transaction_1_contract_2","f0146751",59,0,0,0,0,0,0,0,0,0
"20220420_SP_FF_transaction_1_allocation_320",,"20220420_SP_FF_transaction_1_contract_2","f023565",677,0,0,0,0,0,0,0,0,0
"20220420_SP_FF_transaction_1_allocation_321",,"20220420_SP_FF_transaction_1_contract_2","f024081",66,0,0,0,0,0,0,0,0,0
"20220420_SP_FF_transaction_1_allocation_322",,"20220420_SP_FF_transaction_1_contract_2","f023495",109,0,0,0,0,0,0,0,0,0
"20220420_SP_FF_transaction_1_allocation_323",,"20220420_SP_FF_transaction_1_contract_2","f08019",18,0,0,0,0,0,0,0,0,0
"20220420_SP_FF_transaction_1_allocation_324",,"20220420_SP_FF_transaction_1_contract_2","f022261",5,0,0,0,0,0,0,0,0,0
"20220420_SP_FF_transaction_1_allocation_325",,"20220420_SP_FF_transaction_1_contract_2","f01280",214,0,0,0,0,0,0,0,0,0
"20220420_SP_FF_transaction_1_allocation_326",,"20220420_SP_FF_transaction_1_contract_2","f039515",147,0,0,0,0,0,0,0,0,0
"20220420_SP_FF_transaction_1_allocation_327",,"20220420_SP_FF_transaction_1_contract_2","f023858",37,0,0,0,0,0,0,0,0,0
"20220420_SP_FF_transaction_1_allocation_328",,"20220420_SP_FF_transaction_1_contract_2","f03345",11,0,0,0,0,0,0,0,0,0
"20220420_SP_FF_transaction_1_allocation_329",,"20220420_SP_FF_transaction_1_contract_2","f023868",37,0,0,0,0,0,0,0,0,0
"20220420_SP_FF_transaction_1_allocation_330",,"20220420_SP_FF_transaction_1_contract_2","f061740",312,0,0,0,0,0,0,0,0,0
"20220420_SP_FF_transaction_1_allocation_331",,"20220420_SP_FF_transaction_1_contract_2","f023855",112,0,0,0,0,0,0,0,0,0
"20220420_SP_FF_transaction_1_allocation_332",,"20220420_SP_FF_transaction_1_contract_2","f08383",71,0,0,0,0,0,0,0,0,0
"20220420_SP_FF_transaction_1_allocation_333",,"20220420_SP_FF_transaction_1_contract_2","f03339",83,0,0,0,0,0,0,0,0,0
"20220420_SP_FF_transaction_1_allocation_334",,"20220420_SP_FF_transaction_1_contract_2","f0142637",11,0,0,0,0,0,0,0,0,0
"20220420_SP_FF_transaction_1_allocation_335",,"20220420_SP_FF_transaction_1_contract_2","f018781",96,0,0,0,0,0,0,0,0,0
"20220420_SP_FF_transaction_1_allocation_336",,"20220420_SP_FF_transaction_1_contract_2","f01216923",502,0,0,0,0,0,0,0,0,0
"20220420_SP_FF_transaction_1_allocation_337",,"20220420_SP_FF_transaction_1_contract_2","f020541",1,0,0,0,0,0,0,0,0,0
"20220420_SP_FF_transaction_1_allocation_338",,"20220420_SP_FF_transaction_1_contract_2","f086423",71,0,0,0,0,0,0,0,0,0
"20220420_SP_FF_transaction_1_allocation_339",,"20220420_SP_FF_transaction_1_contract_2","f0134991",582,0,0,0,0,0,0,0,0,0
"20220420_SP_FF_transaction_1_allocation_340",,"20220420_SP_FF_transaction_1_contract_2","f021075",53,0,0,0,0,0,0,0,0,0
"20220420_SP_FF_transaction_1_allocation_341",,"20220420_SP_FF_transaction_1_contract_2","f018782",156,0,0,0,0,0,0,0,0,0
"20220420_SP_FF_transaction_1_allocation_342",,"20220420_SP_FF_transaction_1_contract_2","f023853",122,0,0,0,0,0,0,0,0,0
"20220420_SP_FF_transaction_1_allocation_343",,"20220420_SP_FF_transaction_1_contract_2","f023861",40,0,0,0,0,0,0,0,0,0
"20220420_SP_FF_transaction_1_allocation_344",,"20220420_SP_FF_transaction_1_contract_2","f0134518",16,0,0,0,0,0,0,0,0,0
"20220420_SP_FF_transaction_1_allocation_345",,"20220420_SP_FF_transaction_1_contract_2","f0410001",120,0,0,0,0,0,0,0,0,0
"20220420_SP_FF_transaction_1_allocation_346",,"20220420_SP_FF_transaction_1_contract_2","f0149765",666,0,0,0,0,0,0,0,0,0
"20220420_SP_FF_transaction_1_allocation_347",,"20220420_SP_FF_transaction_1_contract_2","f042558",504,0,0,0,0,0,0,0,0,0
"20220420_SP_FF_transaction_1_allocation_348",,"20220420_SP_FF_transaction_1_contract_2","f065103",70,0,0,0,0,0,0,0,0,0
"20220420_SP_FF_transaction_1_allocation_349",,"20220420_SP_FF_transaction_1_contract_2","f030335",21,0,0,0,0,0,0,0,0,0
"20220420_SP_FF_transaction_1_allocation_350",,"20220420_SP_FF_transaction_1_contract_2","f0116436",18,0,0,0,0,0,0,0,0,0
"20220420_SP_FF_transaction_1_allocation_351",,"20220420_SP_FF_transaction_1_contract_2","f048669",359,0,0,0,0,0,0,0,0,0
"20220420_SP_FF_transaction_1_allocation_352",,"20220420_SP_FF_transaction_1_contract_2","f01131751",9,0,0,0,0,0,0,0,0,0
"20220420_SP_FF_transaction_1_allocation_353",,"20220420_SP_FF_transaction_1_contract_2","f021255",280,0,0,0,0,0,0,0,0,0
"20220420_SP_FF_transaction_1_allocation_354",,"20220420_SP_FF_transaction_1_contract_2","f034258",2,0,0,0,0,0,0,0,0,0
"20220420_SP_FF_transaction_1_allocation_355",,"20220420_SP_FF_transaction_1_contract_2","f086151",8,0,0,0,0,0,0,0,0,0
"20220420_SP_FF_transaction_1_allocation_356",,"20220420_SP_FF_transaction_1_contract_2","f03273",105,0,0,0,0,0,0,0,0,0
"20220420_SP_FF_transaction_1_allocation_357",,"20220420_SP_FF_transaction_1_contract_2","f01210794",16,0,0,0,0,0,0,0,0,0
"20220420_SP_FF_transaction_1_allocation_358",,"20220420_SP_FF_transaction_1_contract_2","f063869",224,0,0,0,0,0,0,0,0,0
"20220420_SP_FF_transaction_1_allocation_359",,"20220420_SP_FF_transaction_1_contract_2","f08157",229,0,0,0,0,0,0,0,0,0
"20220420_SP_FF_transaction_1_allocation_360",,"20220420_SP_FF_transaction_1_contract_2","f024015",172,0,0,0,0,0,0,0,0,0
"20220420_SP_FF_transaction_1_allocation_361",,"20220420_SP_FF_transaction_1_contract_2","f057614",24,0,0,0,0,0,0,0,0,0
"20220420_SP_FF_transaction_1_allocation_362",,"20220420_SP_FF_transaction_1_contract_2","f083638",185,0,0,0,0,0,0,0,0,0
"20220420_SP_FF_transaction_1_allocation_363",,"20220420_SP_FF_transaction_1_contract_2","f021714",21,0,0,0,0,0,0,0,0,0
"20220420_SP_FF_transaction_1_allocation_364",,"20220420_SP_FF_transaction_1_contract_2","f01291138",45,0,0,0,0,0,0,0,0,0
"20220420_SP_FF_transaction_1_allocation_365",,"20220420_SP_FF_transaction_1_contract_2","f0694172",8,0,0,0,0,0,0,0,0,0
"20220420_SP_FF_transaction_1_allocation_366",,"20220420_SP_FF_transaction_1_contract_2","f01104909",249,0,0,0,0,0,0,0,0,0
"20220420_SP_FF_transaction_1_allocation_367",,"20220420_SP_FF_transaction_1_contract_2","f01272",1049,0,0,0,0,0,0,0,0,0
"20220420_SP_FF_transaction_1_allocation_368",,"20220420_SP_FF_transaction_1_contract_2","f021444",2,0,0,0,0,0,0,0,0,0
"20220420_SP_FF_transaction_1_allocation_369",,"20220420_SP_FF_transaction_1_contract_2","f0110133",2,0,0,0,0,0,0,0,0,0
"20220420_SP_FF_transaction_1_allocation_370",,"20220420_SP_FF_transaction_1_contract_2","f0747617",155,0,0,0,0,0,0,0,0,0
"20220420_SP_FF_transaction_1_allocation_371",,"20220420_SP_FF_transaction_1_contract_2","f022308",35,0,0,0,0,0,0,0,0,0
"20220420_SP_FF_transaction_1_allocation_372",,"20220420_SP_FF_transaction_1_contract_2","f05317",112,0,0,0,0,0,0,0,0,0
"20220420_SP_FF_transaction_1_allocation_373",,"20220420_SP_FF_transaction_1_contract_2","f0134516",38,0,0,0,0,0,0,0,0,0
"20220420_SP_FF_transaction_1_allocation_374",,"20220420_SP_FF_transaction_1_contract_2","f010241",120,0,0,0,0,0,0,0,0,0
"20220420_SP_FF_transaction_1_allocation_375",,"20220420_SP_FF_transaction_1_contract_2","f01203985",43,0,0,0,0,0,0,0,0,0
"20220420_SP_FF_transaction_1_allocation_376",,"20220420_SP_FF_transaction_1_contract_2","f01159240",15,0,0,0,0,0,0,0,0,0
"20220420_SP_FF_transaction_1_allocation_377",,"20220420_SP_FF_transaction_1_contract_2","f058000",24,0,0,0,0,0,0,0,0,0
"20220420_SP_FF_transaction_1_allocation_378",,"20220420_SP_FF_transaction_1_contract_2","f010507",53,0,0,0,0,0,0,0,0,0
"20220420_SP_FF_transaction_1_allocation_379",,"20220420_SP_FF_transaction_1_contract_2","f01203603",23,0,0,0,0,0,0,0,0,0
"20220420_SP_FF_transaction_1_allocation_380",,"20220420_SP_FF_transaction_1_contract_2","f052447",99,0,0,0,0,0,0,0,0,0
"20220420_SP_FF_transaction_1_allocation_381",,"20220420_SP_FF_transaction_1_contract_2","f018783",124,0,0,0,0,0,0,0,0,0
"20220420_SP_FF_transaction_1_allocation_382",,"20220420_SP_FF_transaction_1_contract_2","f02627",2,0,0,0,0,0,0,0,0,0
"20220420_SP_FF_transaction_1_allocation_383",,"20220420_SP_FF_transaction_1_contract_2","f024016",136,0,0,0,0,0,0,0,0,0
"20220420_SP_FF_transaction_1_allocation_384",,"20220420_SP_FF_transaction_1_contract_2","f0400920",104,0,0,0,0,0,0,0,0,0
"20220420_SP_FF_transaction_1_allocation_385",,"20220420_SP_FF_transaction_1_contract_2","f0157941",146,0,0,0,0,0,0,0,0,0
"20220420_SP_FF_transaction_1_allocation_386",,"20220420_SP_FF_transaction_1_contract_2","f0109043",7,0,0,0,0,0,0,0,0,0
"20220420_SP_FF_transaction_1_allocation_387",,"20220420_SP_FF_transaction_1_contract_2","f0488887",303,0,0,0,0,0,0,0,0,0
"20220420_SP_FF_transaction_1_allocation_388",,"20220420_SP_FF_transaction_1_contract_2","f0877545",40,0,0,0,0,0,0,0,0,0
"20220420_SP_FF_transaction_1_allocation_389",,"20220420_SP_FF_transaction_1_contract_2","f054163",2,0,0,0,0,0,0,0,0,0
"20220420_SP_FF_transaction_1_allocation_390",,"20220420_SP_FF_transaction_1_contract_2","f039940",41,0,0,0,0,0,0,0,0,0
"20220420_SP_FF_transaction_1_allocation_391",,"20220420_SP_FF_transaction_1_contract_2","f082095",687,0,0,0,0,0,0,0,0,0
"20220420_SP_FF_transaction_1_allocation_392",,"20220420_SP_FF_transaction_1_contract_2","f03347",72,0,0,0,0,0,0,0,0,0
"20220420_SP_FF_transaction_1_allocation_393",,"20220420_SP_FF_transaction_1_contract_2","f062334",157,0,0,0,0,0,0,0,0,0
"20220420_SP_FF_transaction_1_allocation_394",,"20220420_SP_FF_transaction_1_contract_2","f029404",36,0,0,0,0,0,0,0,0,0
"20220420_SP_FF_transaction_1_allocation_395",,"20220420_SP_FF_transaction_1_contract_2","f09696",60,0,0,0,0,0,0,0,0,0
"20220420_SP_FF_transaction_1_allocation_396",,"20220420_SP_FF_transaction_1_contract_2","f01095915",15,0,0,0,0,0,0,0,0,0
"20220420_SP_FF_transaction_1_allocation_397",,"20220420_SP_FF_transaction_1_contract_2","f0116445",19,0,0,0,0,0,0,0,0,0
"20220420_SP_FF_transaction_1_allocation_398",,"20220420_SP_FF_transaction_1_contract_2","f021254",307,0,0,0,0,0,0,0,0,0
"20220420_SP_FF_transaction_1_allocation_399",,"20220420_SP_FF_transaction_1_contract_2","f083903",110,0,0,0,0,0,0,0,0,0
"20220420_SP_FF_transaction_1_allocation_400",,"20220420_SP_FF_transaction_1_contract_2","f01212031",53,0,0,0,0,0,0,0,0,0
"20220420_SP_FF_transaction_1_allocation_401",,"20220420_SP_FF_transaction_1_contract_2","f022853",200,0,0,0,0,0,0,0,0,0
"20220420_SP_FF_transaction_1_allocation_402",,"20220420_SP_FF_transaction_1_contract_2","f0133886",13,0,0,0,0,0,0,0,0,0
"20220420_SP_FF_transaction_1_allocation_403",,"20220420_SP_FF_transaction_1_contract_2","f01183585",64,0,0,0,0,0,0,0,0,0
"20220420_SP_FF_transaction_1_allocation_404",,"20220420_SP_FF_transaction_1_contract_2","f01104889",554,0,0,0,0,0,0,0,0,0
"20220420_SP_FF_transaction_1_allocation_405",,"20220420_SP_FF_transaction_1_contract_2","f01142318",92,0,0,0,0,0,0,0,0,0
"20220420_SP_FF_transaction_1_allocation_406",,"20220420_SP_FF_transaction_1_contract_2","f01099820",76,0,0,0,0,0,0,0,0,0
"20220420_SP_FF_transaction_1_allocation_407",,"20220420_SP_FF_transaction_1_contract_2","f01128462",20,0,0,0,0,0,0,0,0,0
"20220420_SP_FF_transaction_1_allocation_408",,"20220420_SP_FF_transaction_1_contract_2","f05316",128,0,0,0,0,0,0,0,0,0
"20220420_SP_FF_transaction_1_allocation_409",,"20220420_SP_FF_transaction_1_contract_2","f065200",59,0,0,0,0,0,0,0,0,0
"20220420_SP_FF_transaction_1_allocation_410",,"20220420_SP_FF_transaction_1_contract_2","f0403177",11,0,0,0,0,0,0,0,0,0
"20220420_SP_FF_transaction_1_allocation_411",,"20220420_SP_FF_transaction_1_contract_2","f034047",15,0,0,0,0,0,0,0,0,0
"20220420_SP_FF_transaction_1_allocation_412",,"20220420_SP_FF_transaction_1_contract_2","f08197",5,0,0,0,0,0,0,0,0,0
"20220420_SP_FF_transaction_1_allocation_413",,"20220420_SP_FF_transaction_1_contract_2","f01241",210,0,0,0,0,0,0,0,0,0
"20220420_SP_FF_transaction_1_allocation_414",,"20220420_SP_FF_transaction_1_contract_2","f0152337",913,0,0,0,0,0,0,0,0,0
"20220420_SP_FF_transaction_1_allocation_415",,"20220420_SP_FF_transaction_1_contract_2","f061158",8,0,0,0,0,0,0,0,0,0
"20220420_SP_FF_transaction_1_allocation_416",,"20220420_SP_FF_transaction_1_contract_2","f089380",73,0,0,0,0,0,0,0,0,0
"20220420_SP_FF_transaction_1_allocation_417",,"20220420_SP_FF_transaction_1_contract_2","f010253",121,0,0,0,0,0,0,0,0,0
"20220420_SP_FF_transaction_1_allocation_418",,"20220420_SP_FF_transaction_1_contract_2","f01160668",35,0,0,0,0,0,0,0,0,0
"20220420_SP_FF_transaction_1_allocation_419",,"20220420_SP_FF_transaction_1_contract_2","f053229",253,0,0,0,0,0,0,0,0,0
"20220420_SP_FF_transaction_1_allocation_420",,"20220420_SP_FF_transaction_1_contract_2","f0218407",10,0,0,0,0,0,0,0,0,0
"20220420_SP_FF_transaction_1_allocation_421",,"20220420_SP_FF_transaction_1_contract_2","f053088",2,0,0,0,0,0,0,0,0,0
"20220420_SP_FF_transaction_1_allocation_422",,"20220420_SP_FF_transaction_1_contract_2","f02514",144,0,0,0,0,0,0,0,0,0
"20220420_SP_FF_transaction_1_allocation_423",,"20220420_SP_FF_transaction_1_contract_2","f03275",95,0,0,0,0,0,0,0,0,0
"20220420_SP_FF_transaction_1_allocation_424",,"20220420_SP_FF_transaction_1_contract_2","f0393359",1,0,0,0,0,0,0,0,0,0
"20220420_SP_FF_transaction_1_allocation_425",,"20220420_SP_FF_transaction_1_contract_2","f010405",1,0,0,0,0,0,0,0,0,0
"20220420_SP_FF_transaction_1_allocation_426",,"20220420_SP_FF_transaction_1_contract_2","f070932",2667,0,0,0,0,0,0,0,0,0
"20220420_SP_FF_transaction_1_allocation_427",,"20220420_SP_FF_transaction_1_contract_2","f01675393",20,0,0,0,0,0,0,0,0,0
"20220420_SP_FF_transaction_1_allocation_428",,"20220420_SP_FF_transaction_1_contract_2","f0141446",428,0,0,0,0,0,0,0,0,0
"20220420_SP_FF_transaction_1_allocation_429",,"20220420_SP_FF_transaction_1_contract_2","f023876",36,0,0,0,0,0,0,0,0,0
"20220420_SP_FF_transaction_1_allocation_430",,"20220420_SP_FF_transaction_1_contract_2","f033189",5,0,0,0,0,0,0,0,0,0
"20220420_SP_FF_transaction_1_allocation_431",,"20220420_SP_FF_transaction_1_contract_2","f015885",539,0,0,0,0,0,0,0,0,0
"20220420_SP_FF_transaction_1_allocation_432",,"20220420_SP_FF_transaction_1_contract_2","f0133957",391,0,0,0,0,0,0,0,0,0
"20220420_SP_FF_transaction_1_allocation_433",,"20220420_SP_FF_transaction_1_contract_2","f019002",496,0,0,0,0,0,0,0,0,0
"20220420_SP_FF_transaction_1_allocation_434",,"20220420_SP_FF_transaction_1_contract_2","f021479",1130,0,0,0,0,0,0,0,0,0
"20220420_SP_FF_transaction_1_allocation_435",,"20220420_SP_FF_transaction_1_contract_2","f023530",1078,0,0,0,0,0,0,0,0,0
"20220420_SP_FF_transaction_1_allocation_436",,"20220420_SP_FF_transaction_1_contract_2","f034701",399,0,0,0,0,0,0,0,0,0
"20220420_SP_FF_transaction_1_allocation_437",,"20220420_SP_FF_transaction_1_contract_2","f01159754",391,0,0,0,0,0,0,0,0,0
"20220420_SP_FF_transaction_1_allocation_438",,"20220420_SP_FF_transaction_1_contract_2","f0226073",1,0,0,0,0,0,0,0,0,0
"20220420_SP_FF_transaction_1_allocation_439",,"20220420_SP_FF_transaction_1_contract_2","f03000",21,0,0,0,0,0,0,0,0,0
"20220420_SP_FF_transaction_1_allocation_440",,"20220420_SP_FF_transaction_1_contract_2","f063628",99,0,0,0,0,0,0,0,0,0
"20220420_SP_FF_transaction_1_allocation_441",,"20220420_SP_FF_transaction_1_contract_2","f015877",32,0,0,0,0,0,0,0,0,0
"20220420_SP_FF_transaction_1_allocation_442",,"20220420_SP_FF_transaction_1_contract_2","f01269152",196,0,0,0,0,0,0,0,0,0
"20220420_SP_FF_transaction_1_allocation_443",,"20220420_SP_FF_transaction_1_contract_2","f02421",24,0,0,0,0,0,0,0,0,0
"20220420_SP_FF_transaction_1_allocation_444",,"20220420_SP_FF_transaction_1_contract_2","f0159380",425,0,0,0,0,0,0,0,0,0
"20220420_SP_FF_transaction_1_allocation_445",,"20220420_SP_FF_transaction_1_contract_2","f020940",2,0,0,0,0,0,0,0,0,0
"20220420_SP_FF_transaction_1_allocation_446",,"20220420_SP_FF_transaction_1_contract_2","f01268426",84,0,0,0,0,0,0,0,0,0
"20220420_SP_FF_transaction_1_allocation_447",,"20220420_SP_FF_transaction_1_contract_2","f01231",2225,0,0,0,0,0,0,0,0,0
"20220420_SP_FF_transaction_1_allocation_448",,"20220420_SP_FF_transaction_1_contract_2","f08103",2,0,0,0,0,0,0,0,0,0
"20220420_SP_FF_transaction_1_allocation_449",,"20220420_SP_FF_transaction_1_contract_2","f01077516",17,0,0,0,0,0,0,0,0,0
"20220420_SP_FF_transaction_1_allocation_450",,"20220420_SP_FF_transaction_1_contract_2","f0688935",15,0,0,0,0,0,0,0,0,0
"20220420_SP_FF_transaction_1_allocation_451",,"20220420_SP_FF_transaction_1_contract_2","f01099312",20,0,0,0,0,0,0,0,0,0
"20220420_SP_FF_transaction_1_allocation_452",,"20220420_SP_FF_transaction_1_contract_2","f0116507",1,0,0,0,0,0,0,0,0,0
"20220420_SP_FF_transaction_1_allocation_453",,"20220420_SP_FF_transaction_1_contract_2","f0110488",1,0,0,0,0,0,0,0,0,0
"20220420_SP_FF_transaction_1_allocation_454",,"20220420_SP_FF_transaction_1_contract_2","f01201505",26,0,0,0,0,0,0,0,0,0
"20220420_SP_FF_transaction_1_allocation_455",,"20220420_SP_FF_transaction_1_contract_2","f0421392",46,0,0,0,0,0,0,0,0,0
"20220420_SP_FF_transaction_1_allocation_456",,"20220420_SP_FF_transaction_1_contract_2","f02490",76,0,0,0,0,0,0,0,0,0
"20220420_SP_FF_transaction_1_allocation_457",,"20220420_SP_FF_transaction_1_contract_2","f042635",212,0,0,0,0,0,0,0,0,0
"20220420_SP_FF_transaction_1_allocation_458",,"20220420_SP_FF_transaction_1_contract_2","f01168710",86,0,0,0,0,0,0,0,0,0
"20220420_SP_FF_transaction_1_allocation_459",,"20220420_SP_FF_transaction_1_contract_2","f0478837",12,0,0,0,0,0,0,0,0,0
"20220420_SP_FF_transaction_1_allocation_460",,"20220420_SP_FF_transaction_1_contract_2","f023534",4,0,0,0,0,0,0,0,0,0
"20220420_SP_FF_transaction_1_allocation_461",,"20220420_SP_FF_transaction_1_contract_2","f01422501",77,0,0,0,0,0,0,0,0,0
"20220420_SP_FF_transaction_1_allocation_462",,"20220420_SP_FF_transaction_1_contract_2","f023462",4,0,0,0,0,0,0,0,0,0
"20220420_SP_FF_transaction_1_allocation_463",,"20220420_SP_FF_transaction_1_contract_2","f0495421",40,0,0,0,0,0,0,0,0,0
"20220420_SP_FF_transaction_1_allocation_464",,"20220420_SP_FF_transaction_1_contract_2","f01167953",1,0,0,0,0,0,0,0,0,0
"20220420_SP_FF_transaction_1_allocation_465",,"20220420_SP_FF_transaction_1_contract_2","f0859013",177,0,0,0,0,0,0,0,0,0
"20220420_SP_FF_transaction_1_allocation_466",,"20220420_SP_FF_transaction_1_contract_2","f01281349",5,0,0,0,0,0,0,0,0,0
"20220420_SP_FF_transaction_1_allocation_467",,"20220420_SP_FF_transaction_1_contract_2","f01104018",996,0,0,0,0,0,0,0,0,0
"20220420_SP_FF_transaction_1_allocation_468",,"20220420_SP_FF_transaction_1_contract_2","f07850",104,0,0,0,0,0,0,0,0,0
"20220420_SP_FF_transaction_1_allocation_469",,"20220420_SP_FF_transaction_1_contract_2","f0871563",1,0,0,0,0,0,0,0,0,0
"20220420_SP_FF_transaction_1_allocation_470",,"20220420_SP_FF_transaction_1_contract_2","f016276",1,0,0,0,0,0,0,0,0,0
"20220420_SP_FF_transaction_1_allocation_471",,"20220420_SP_FF_transaction_1_contract_2","f0137168",23,0,0,0,0,0,0,0,0,0
"20220420_SP_FF_transaction_1_allocation_472",,"20220420_SP_FF_transaction_1_contract_2","f016398",385,0,0,0,0,0,0,0,0,0
"20220420_SP_FF_transaction_1_allocation_473",,"20220420_SP_FF_transaction_1_contract_2","f0845976",1,0,0,0,0,0,0,0,0,0
"20220420_SP_FF_transaction_1_allocation_474",,"20220420_SP_FF_transaction_1_contract_2","f02606",39,0,0,0,0,0,0,0,0,0
"20220420_SP_FF_transaction_1_allocation_475",,"20220420_SP_FF_transaction_1_contract_2","f07990",45,0,0,0,0,0,0,0,0,0
"20220420_SP_FF_transaction_1_allocation_476",,"20220420_SP_FF_transaction_1_contract_2","f016563",331,0,0,0,0,0,0,0,0,0
"20220420_SP_FF_transaction_1_allocation_477",,"20220420_SP_FF_transaction_1_contract_2","f03491",49,0,0,0,0,0,0,0,0,0
"20220420_SP_FF_transaction_1_allocation_478",,"20220420_SP_FF_transaction_1_contract_2","f01423546",272,0,0,0,0,0,0,0,0,0
"20220420_SP_FF_transaction_1_allocation_479",,"20220420_SP_FF_transaction_1_contract_2","f08025",49,0,0,0,0,0,0,0,0,0
"20220420_SP_FF_transaction_1_allocation_480",,"20220420_SP_FF_transaction_1_contract_2","f01175453",83,0,0,0,0,0,0,0,0,0
"20220420_SP_FF_transaction_1_allocation_481",,"20220420_SP_FF_transaction_1_contract_2","f010513",16,0,0,0,0,0,0,0,0,0
"20220420_SP_FF_transaction_1_allocation_482",,"20220420_SP_FF_transaction_1_contract_2","f010493",14,0,0,0,0,0,0,0,0,0
"20220420_SP_FF_transaction_1_allocation_483",,"20220420_SP_FF_transaction_1_contract_2","f01399235",26,0,0,0,0,0,0,0,0,0
"20220420_SP_FF_transaction_1_allocation_484",,"20220420_SP_FF_transaction_1_contract_2","f02633",47,0,0,0,0,0,0,0,0,0
"20220420_SP_FF_transaction_1_allocation_485",,"20220420_SP_FF_transaction_1_contract_2","f02645",47,0,0,0,0,0,0,0,0,0
"20220420_SP_FF_transaction_1_allocation_486",,"20220420_SP_FF_transaction_1_contract_2","f02415",51,0,0,0,0,0,0,0,0,0
"20220420_SP_FF_transaction_1_allocation_487",,"20220420_SP_FF_transaction_1_contract_2","f09693",478,0,0,0,0,0,0,0,0,0
"20220420_SP_FF_transaction_1_allocation_488",,"20220420_SP_FF_transaction_1_contract_2","f064668",5,0,0,0,0,0,0,0,0,0
"20220420_SP_FF_transaction_1_allocation_489",,"20220420_SP_FF_transaction_1_contract_2","f0498868",304,0,0,0,0,0,0,0,0,0
"20220420_SP_FF_transaction_1_allocation_490",,"20220420_SP_FF_transaction_1_contract_2","f0709739",2,0,0,0,0,0,0,0,0,0
"20220420_SP_FF_transaction_1_allocation_491",,"20220420_SP_FF_transaction_1_contract_2","f01209085",1,0,0,0,0,0,0,0,0,0
"20220420_SP_FF_transaction_1_allocation_492",,"20220420_SP_FF_transaction_1_contract_2","f01251209",77,0,0,0,0,0,0,0,0,0
"20220420_SP_FF_transaction_1_allocation_493",,"20220420_SP_FF_transaction_1_contract_2","f010491",28,0,0,0,0,0,0,0,0,0
"20220420_SP_FF_transaction_1_allocation_494",,"20220420_SP_FF_transaction_1_contract_2","f010505",16,0,0,0,0,0,0,0,0,0
"20220420_SP_FF_transaction_1_allocation_495",,"20220420_SP_FF_transaction_1_contract_2","f0215370",4,0,0,0,0,0,0,0,0,0
"20220420_SP_FF_transaction_1_allocation_496",,"20220420_SP_FF_transaction_1_contract_2","f0135758",185,0,0,0,0,0,0,0,0,0
"20220420_SP_FF_transaction_1_allocation_497",,"20220420_SP_FF_transaction_1_contract_2","f0417750",75,0,0,0,0,0,0,0,0,0
"20220420_SP_FF_transaction_1_allocation_498",,"20220420_SP_FF_transaction_1_contract_2","f056573",22,0,0,0,0,0,0,0,0,0
"20220420_SP_FF_transaction_1_allocation_499",,"20220420_SP_FF_transaction_1_contract_2","f054370",297,0,0,0,0,0,0,0,0,0
"20220420_SP_FF_transaction_1_allocation_500",,"20220420_SP_FF_transaction_1_contract_2","f01164500",12,0,0,0,0,0,0,0,0,0
"20220420_SP_FF_transaction_1_allocation_501",,"20220420_SP_FF_transaction_1_contract_2","f022566",5,0,0,0,0,0,0,0,0,0
"20220420_SP_FF_transaction_1_allocation_502",,"20220420_SP_FF_transaction_1_contract_2","f01192325",4,0,0,0,0,0,0,0,0,0
"20220420_SP_FF_transaction_1_allocation_503",,"20220420_SP_FF_transaction_1_contract_2","f01648376",146,0,0,0,0,0,0,0,0,0
"20220420_SP_FF_transaction_1_allocation_504",,"20220420_SP_FF_transaction_1_contract_2","f0397728",469,0,0,0,0,0,0,0,0,0
"20220420_SP_FF_transaction_1_allocation_505",,"20220420_SP_FF_transaction_1_contract_2","f0112772",1,0,0,0,0,0,0,0,0,0
"20220420_SP_FF_transaction_1_allocation_506",,"20220420_SP_FF_transaction_1_contract_2","f01057303",266,0,0,0,0,0,0,0,0,0
"20220420_SP_FF_transaction_1_allocation_507",,"20220420_SP_FF_transaction_1_contract_2","f010035",304,0,0,0,0,0,0,0,0,0
"20220420_SP_FF_transaction_1_allocation_508",,"20220420_SP_FF_transaction_1_contract_2","f010498",14,0,0,0,0,0,0,0,0,0
"20220420_SP_FF_transaction_1_allocation_509",,"20220420_SP_FF_transaction_1_contract_2","f024468",13,0,0,0,0,0,0,0,0,0
"20220420_SP_FF_transaction_1_allocation_510",,"20220420_SP_FF_transaction_1_contract_2","f023219",283,0,0,0,0,0,0,0,0,0
"20220420_SP_FF_transaction_1_allocation_511",,"20220420_SP_FF_transaction_1_contract_2","f042391",3,0,0,0,0,0,0,0,0,0
"20220420_SP_FF_transaction_1_allocation_512",,"20220420_SP_FF_transaction_1_contract_2","f010528",11,0,0,0,0,0,0,0,0,0
"20220420_SP_FF_transaction_1_allocation_513",,"20220420_SP_FF_transaction_1_contract_2","f033036",55,0,0,0,0,0,0,0,0,0
"20220420_SP_FF_transaction_1_allocation_514",,"20220420_SP_FF_transaction_1_contract_2","f022125",1,0,0,0,0,0,0,0,0,0
"20220420_SP_FF_transaction_1_allocation_515",,"20220420_SP_FF_transaction_1_contract_2","f01369314",187,0,0,0,0,0,0,0,0,0
"20220420_SP_FF_transaction_1_allocation_516",,"20220420_SP_FF_transaction_1_contract_2","f01039753",41,0,0,0,0,0,0,0,0,0
"20220420_SP_FF_transaction_1_allocation_517",,"20220420_SP_FF_transaction_1_contract_2","f056406",2,0,0,0,0,0,0,0,0,0
"20220420_SP_FF_transaction_1_allocation_518",,"20220420_SP_FF_transaction_1_contract_2","f098664",61,0,0,0,0,0,0,0,0,0
"20220420_SP_FF_transaction_1_allocation_519",,"20220420_SP_FF_transaction_1_contract_2","f082617",90,0,0,0,0,0,0,0,0,0
"20220420_SP_FF_transaction_1_allocation_520",,"20220420_SP_FF_transaction_1_contract_2","f055132",28,0,0,0,0,0,0,0,0,0
"20220420_SP_FF_transaction_1_allocation_521",,"20220420_SP_FF_transaction_1_contract_2","f019240",49,0,0,0,0,0,0,0,0,0
"20220420_SP_FF_transaction_1_allocation_522",,"20220420_SP_FF_transaction_1_contract_2","f082356",34,0,0,0,0,0,0,0,0,0
"20220420_SP_FF_transaction_1_allocation_523",,"20220420_SP_FF_transaction_1_contract_2","f030384",88,0,0,0,0,0,0,0,0,0
"20220420_SP_FF_transaction_1_allocation_524",,"20220420_SP_FF_transaction_1_contract_2","f0124036",163,0,0,0,0,0,0,0,0,0
"20220420_SP_FF_transaction_1_allocation_525",,"20220420_SP_FF_transaction_1_contract_2","f097618",22,0,0,0,0,0,0,0,0,0
"20220420_SP_FF_transaction_1_allocation_526",,"20220420_SP_FF_transaction_1_contract_2","f034777",5,0,0,0,0,0,0,0,0,0
"20220420_SP_FF_transaction_1_allocation_527",,"20220420_SP_FF_transaction_1_contract_2","f042896",6,0,0,0,0,0,0,0,0,0
"20220420_SP_FF_transaction_1_allocation_528",,"20220420_SP_FF_transaction_1_contract_2","f03249",29,0,0,0,0,0,0,0,0,0
"20220420_SP_FF_transaction_1_allocation_529",,"20220420_SP_FF_transaction_1_contract_2","f099705",5,0,0,0,0,0,0,0,0,0
"20220420_SP_FF_transaction_1_allocation_530",,"20220420_SP_FF_transaction_1_contract_2","f022522",260,0,0,0,0,0,0,0,0,0
"20220420_SP_FF_transaction_1_allocation_531",,"20220420_SP_FF_transaction_1_contract_2","f019806",180,0,0,0,0,0,0,0,0,0
"20220420_SP_FF_transaction_1_allocation_532",,"20220420_SP_FF_transaction_1_contract_2","f01180639",173,0,0,0,0,0,0,0,0,0
"20220420_SP_FF_transaction_1_allocation_533",,"20220420_SP_FF_transaction_1_contract_2","f020489",169,0,0,0,0,0,0,0,0,0
"20220420_SP_FF_transaction_1_allocation_534",,"20220420_SP_FF_transaction_1_contract_2","f0157769",264,0,0,0,0,0,0,0,0,0
"20220420_SP_FF_transaction_1_allocation_535",,"20220420_SP_FF_transaction_1_contract_2","f083920",49,0,0,0,0,0,0,0,0,0
"20220420_SP_FF_transaction_1_allocation_536",,"20220420_SP_FF_transaction_1_contract_2","f023152",505,0,0,0,0,0,0,0,0,0
"20220420_SP_FF_transaction_1_allocation_537",,"20220420_SP_FF_transaction_1_contract_2","f024511",148,0,0,0,0,0,0,0,0,0
"20220420_SP_FF_transaction_1_allocation_538",,"20220420_SP_FF_transaction_1_contract_2","f079007",9,0,0,0,0,0,0,0,0,0
"20220420_SP_FF_transaction_1_allocation_539",,"20220420_SP_FF_transaction_1_contract_2","f01799",87,0,0,0,0,0,0,0,0,0
"20220420_SP_FF_transaction_1_allocation_540",,"20220420_SP_FF_transaction_1_contract_2","f030125",8,0,0,0,0,0,0,0,0,0
"20220420_SP_FF_transaction_1_allocation_541",,"20220420_SP_FF_transaction_1_contract_2","f0117146",125,0,0,0,0,0,0,0,0,0
"20220420_SP_FF_transaction_1_allocation_542",,"20220420_SP_FF_transaction_1_contract_2","f055102",27,0,0,0,0,0,0,0,0,0
"20220420_SP_FF_transaction_1_allocation_543",,"20220420_SP_FF_transaction_1_contract_2","f01071719",45,0,0,0,0,0,0,0,0,0
"20220420_SP_FF_transaction_1_allocation_544",,"20220420_SP_FF_transaction_1_contract_2","f048135",128,0,0,0,0,0,0,0,0,0
"20220420_SP_FF_transaction_1_allocation_545",,"20220420_SP_FF_transaction_1_contract_2","f0164291",65,0,0,0,0,0,0,0,0,0
"20220420_SP_FF_transaction_1_allocation_546",,"20220420_SP_FF_transaction_1_contract_2","f03134",66,0,0,0,0,0,0,0,0,0
"20220420_SP_FF_transaction_1_allocation_547",,"20220420_SP_FF_transaction_1_contract_2","f03325",5,0,0,0,0,0,0,0,0,0
"20220420_SP_FF_transaction_1_allocation_548",,"20220420_SP_FF_transaction_1_contract_2","f010400",199,0,0,0,0,0,0,0,0,0
"20220420_SP_FF_transaction_1_allocation_549",,"20220420_SP_FF_transaction_1_contract_2","f0107308",34,0,0,0,0,0,0,0,0,0
"20220420_SP_FF_transaction_1_allocation_550",,"20220420_SP_FF_transaction_1_contract_2","f0406478",67,0,0,0,0,0,0,0,0,0
"20220420_SP_FF_transaction_1_allocation_551",,"20220420_SP_FF_transaction_1_contract_2","f062937",261,0,0,0,0,0,0,0,0,0
"20220420_SP_FF_transaction_1_allocation_552",,"20220420_SP_FF_transaction_1_contract_2","f01207671",28,0,0,0,0,0,0,0,0,0
"20220420_SP_FF_transaction_1_allocation_553",,"20220420_SP_FF_transaction_1_contract_2","f01160029",56,0,0,0,0,0,0,0,0,0
"20220420_SP_FF_transaction_1_allocation_554",,"20220420_SP_FF_transaction_1_contract_2","f094128",2,0,0,0,0,0,0,0,0,0
"20220420_SP_FF_transaction_1_allocation_555",,"20220420_SP_FF_transaction_1_contract_2","f0116287",194,0,0,0,0,0,0,0,0,0
"20220420_SP_FF_transaction_1_allocation_556",,"20220420_SP_FF_transaction_1_contract_2","f01063833",141,0,0,0,0,0,0,0,0,0
"20220420_SP_FF_transaction_1_allocation_557",,"20220420_SP_FF_transaction_1_contract_2","f0157265",197,0,0,0,0,0,0,0,0,0
"20220420_SP_FF_transaction_1_allocation_558",,"20220420_SP_FF_transaction_1_contract_2","f082635",243,0,0,0,0,0,0,0,0,0
"20220420_SP_FF_transaction_1_allocation_559",,"20220420_SP_FF_transaction_1_contract_2","f01255977",267,0,0,0,0,0,0,0,0,0
"20220420_SP_FF_transaction_1_allocation_560",,"20220420_SP_FF_transaction_1_contract_2","f0168058",6,0,0,0,0,0,0,0,0,0
"20220420_SP_FF_transaction_1_allocation_561",,"20220420_SP_FF_transaction_1_contract_2","f089551",478,0,0,0,0,0,0,0,0,0
"20220420_SP_FF_transaction_1_allocation_562",,"20220420_SP_FF_transaction_1_contract_2","f0109713",67,0,0,0,0,0,0,0,0,0
"20220420_SP_FF_transaction_1_allocation_563",,"20220420_SP_FF_transaction_1_contract_2","f020436",1,0,0,0,0,0,0,0,0,0
"20220420_SP_FF_transaction_1_allocation_564",,"20220420_SP_FF_transaction_1_contract_2","f01050286",86,0,0,0,0,0,0,0,0,0
"20220420_SP_FF_transaction_1_allocation_565",,"20220420_SP_FF_transaction_1_contract_2","f0132178",284,0,0,0,0,0,0,0,0,0
"20220420_SP_FF_transaction_1_allocation_566",,"20220420_SP_FF_transaction_1_contract_2","f0107322",59,0,0,0,0,0,0,0,0,0
"20220420_SP_FF_transaction_1_allocation_567",,"20220420_SP_FF_transaction_1_contract_2","f061407",191,0,0,0,0,0,0,0,0,0
"20220420_SP_FF_transaction_1_allocation_568",,"20220420_SP_FF_transaction_1_contract_2","f033501",37,0,0,0,0,0,0,0,0,0
"20220420_SP_FF_transaction_1_allocation_569",,"20220420_SP_FF_transaction_1_contract_2","f0224841",169,0,0,0,0,0,0,0,0,0
"20220420_SP_FF_transaction_1_allocation_570",,"20220420_SP_FF_transaction_1_contract_2","f01152",16,0,0,0,0,0,0,0,0,0
"20220420_SP_FF_transaction_1_allocation_571",,"20220420_SP_FF_transaction_1_contract_2","f023843",183,0,0,0,0,0,0,0,0,0
"20220420_SP_FF_transaction_1_allocation_572",,"20220420_SP_FF_transaction_1_contract_2","f034567",37,0,0,0,0,0,0,0,0,0
"20220420_SP_FF_transaction_1_allocation_573",,"20220420_SP_FF_transaction_1_contract_2","f04443",11,0,0,0,0,0,0,0,0,0
"20220420_SP_FF_transaction_1_allocation_574",,"20220420_SP_FF_transaction_1_contract_2","f032913",62,0,0,0,0,0,0,0,0,0
"20220420_SP_FF_transaction_1_allocation_575",,"20220420_SP_FF_transaction_1_contract_2","f025017",102,0,0,0,0,0,0,0,0,0
"20220420_SP_FF_transaction_1_allocation_576",,"20220420_SP_FF_transaction_1_contract_2","f0166512",21,0,0,0,0,0,0,0,0,0
"20220420_SP_FF_transaction_1_allocation_577",,"20220420_SP_FF_transaction_1_contract_2","f0397083",46,0,0,0,0,0,0,0,0,0
"20220420_SP_FF_transaction_1_allocation_578",,"20220420_SP_FF_transaction_1_contract_2","f099884",85,0,0,0,0,0,0,0,0,0
"20220420_SP_FF_transaction_1_allocation_579",,"20220420_SP_FF_transaction_1_contract_2","f01289",148,0,0,0,0,0,0,0,0,0
"20220420_SP_FF_transaction_1_allocation_580",,"20220420_SP_FF_transaction_1_contract_2","f057127",1,0,0,0,0,0,0,0,0,0
"20220420_SP_FF_transaction_1_allocation_581",,"20220420_SP_FF_transaction_1_contract_2","f030203",127,0,0,0,0,0,0,0,0,0
"20220420_SP_FF_transaction_1_allocation_582",,"20220420_SP_FF_transaction_1_contract_2","f0158265",86,0,0,0,0,0,0,0,0,0
"20220420_SP_FF_transaction_1_allocation_583",,"20220420_SP_FF_transaction_1_contract_2","f014394",2,0,0,0,0,0,0,0,0,0
"20220420_SP_FF_transaction_1_allocation_584",,"20220420_SP_FF_transaction_1_contract_2","f0119633",8,0,0,0,0,0,0,0,0,0
"20220420_SP_FF_transaction_1_allocation_585",,"20220420_SP_FF_transaction_1_contract_2","f02299",7,0,0,0,0,0,0,0,0,0
"20220420_SP_FF_transaction_1_allocation_586",,"20220420_SP_FF_transaction_1_contract_2","f0148391",44,0,0,0,0,0,0,0,0,0
"20220420_SP_FF_transaction_1_allocation_587",,"20220420_SP_FF_transaction_1_contract_2","f0413801",121,0,0,0,0,0,0,0,0,0
"20220420_SP_FF_transaction_1_allocation_588",,"20220420_SP_FF_transaction_1_contract_2","f021870",2,0,0,0,0,0,0,0,0,0
"20220420_SP_FF_transaction_1_allocation_589",,"20220420_SP_FF_transaction_1_contract_2","f047666",20,0,0,0,0,0,0,0,0,0
"20220420_SP_FF_transaction_1_allocation_590",,"20220420_SP_FF_transaction_1_contract_2","f0810223",44,0,0,0,0,0,0,0,0,0
"20220420_SP_FF_transaction_1_allocation_591",,"20220420_SP_FF_transaction_1_contract_2","f0847138",18,0,0,0,0,0,0,0,0,0
"20220420_SP_FF_transaction_1_allocation_592",,"20220420_SP_FF_transaction_1_contract_2","f0111174",128,0,0,0,0,0,0,0,0,0
"20220420_SP_FF_transaction_1_allocation_593",,"20220420_SP_FF_transaction_1_contract_2","f021961",386,0,0,0,0,0,0,0,0,0
"20220420_SP_FF_transaction_1_allocation_594",,"20220420_SP_FF_transaction_1_contract_2","f065266",275,0,0,0,0,0,0,0,0,0
"20220420_SP_FF_transaction_1_allocation_595",,"20220420_SP_FF_transaction_1_contract_2","f096133",203,0,0,0,0,0,0,0,0,0
"20220420_SP_FF_transaction_1_allocation_596",,"20220420_SP_FF_transaction_1_contract_2","f033517",40,0,0,0,0,0,0,0,0,0
"20220420_SP_FF_transaction_1_allocation_597",,"20220420_SP_FF_transaction_1_contract_2","f068096",235,0,0,0,0,0,0,0,0,0
"20220420_SP_FF_transaction_1_allocation_598",,"20220420_SP_FF_transaction_1_contract_2","f0162394",63,0,0,0,0,0,0,0,0,0
"20220420_SP_FF_transaction_1_allocation_599",,"20220420_SP_FF_transaction_1_contract_2","f034581",124,0,0,0,0,0,0,0,0,0
"20220420_SP_FF_transaction_1_allocation_600",,"20220420_SP_FF_transaction_1_contract_2","f014395",410,0,0,0,0,0,0,0,0,0
"20220420_SP_FF_transaction_1_allocation_601",,"20220420_SP_FF_transaction_1_contract_2","f061666",19,0,0,0,0,0,0,0,0,0
"20220420_SP_FF_transaction_1_allocation_602",,"20220420_SP_FF_transaction_1_contract_2","f017665",132,0,0,0,0,0,0,0,0,0
"20220420_SP_FF_transaction_1_allocation_603",,"20220420_SP_FF_transaction_1_contract_2","f01259449",74,0,0,0,0,0,0,0,0,0
"20220420_SP_FF_transaction_1_allocation_604",,"20220420_SP_FF_transaction_1_contract_2","f079815",594,0,0,0,0,0,0,0,0,0
"20220420_SP_FF_transaction_1_allocation_605",,"20220420_SP_FF_transaction_1_contract_2","f061616",44,0,0,0,0,0,0,0,0,0
"20220420_SP_FF_transaction_1_allocation_606",,"20220420_SP_FF_transaction_1_contract_2","f040332",294,0,0,0,0,0,0,0,0,0
"20220420_SP_FF_transaction_1_allocation_607",,"20220420_SP_FF_transaction_1_contract_2","f0172300",70,0,0,0,0,0,0,0,0,0
"20220420_SP_FF_transaction_1_allocation_608",,"20220420_SP_FF_transaction_1_contract_2","f0488889",120,0,0,0,0,0,0,0,0,0
"20220420_SP_FF_transaction_1_allocation_609",,"20220420_SP_FF_transaction_1_contract_2","f067375",406,0,0,0,0,0,0,0,0,0
"20220420_SP_FF_transaction_1_allocation_610",,"20220420_SP_FF_transaction_1_contract_2","f0870354",202,0,0,0,0,0,0,0,0,0
"20220420_SP_FF_transaction_1_allocation_611",,"20220420_SP_FF_transaction_1_contract_2","f01128320",196,0,0,0,0,0,0,0,0,0
"20220420_SP_FF_transaction_1_allocation_612",,"20220420_SP_FF_transaction_1_contract_2","f01131460",141,0,0,0,0,0,0,0,0,0
"20220420_SP_FF_transaction_1_allocation_613",,"20220420_SP_FF_transaction_1_contract_2","f01188900",55,0,0,0,0,0,0,0,0,0
"20220420_SP_FF_transaction_1_allocation_614",,"20220420_SP_FF_transaction_1_contract_2","f0722658",33,0,0,0,0,0,0,0,0,0
"20220420_SP_FF_transaction_1_allocation_615",,"20220420_SP_FF_transaction_1_contract_2","f043929",17,0,0,0,0,0,0,0,0,0
"20220420_SP_FF_transaction_1_allocation_616",,"20220420_SP_FF_transaction_1_contract_2","f0108672",5,0,0,0,0,0,0,0,0,0
"20220420_SP_FF_transaction_1_allocation_617",,"20220420_SP_FF_transaction_1_contract_2","f08264",2,0,0,0,0,0,0,0,0,0
"20220420_SP_FF_transaction_1_allocation_618",,"20220420_SP_FF_transaction_1_contract_2","f02416",882,0,0,0,0,0,0,0,0,0
"20220420_SP_FF_transaction_1_allocation_619",,"20220420_SP_FF_transaction_1_contract_2","f01353593",407,0,0,0,0,0,0,0,0,0
"20220420_SP_FF_transaction_1_allocation_620",,"20220420_SP_FF_transaction_1_contract_2","f0224599",1,0,0,0,0,0,0,0,0,0
"20220420_SP_FF_transaction_1_allocation_621",,"20220420_SP_FF_transaction_1_contract_2","f056226",312,0,0,0,0,0,0,0,0,0
"20220420_SP_FF_transaction_1_allocation_622",,"20220420_SP_FF_transaction_1_contract_2","f017242",1594,0,0,0,0,0,0,0,0,0
"20220420_SP_FF_transaction_1_allocation_623",,"20220420_SP_FF_transaction_1_contract_2","f0114687",102,0,0,0,0,0,0,0,0,0
"20220420_SP_FF_transaction_1_allocation_624",,"20220420_SP_FF_transaction_1_contract_2","f01269025",29,0,0,0,0,0,0,0,0,0
"20220420_SP_FF_transaction_1_allocation_625",,"20220420_SP_FF_transaction_1_contract_2","f02856",10,0,0,0,0,0,0,0,0,0
"20220420_SP_FF_transaction_1_allocation_626",,"20220420_SP_FF_transaction_1_contract_2","f01292110",10,0,0,0,0,0,0,0,0,0
"20220420_SP_FF_transaction_1_allocation_627",,"20220420_SP_FF_transaction_1_contract_2","f0156232",1,0,0,0,0,0,0,0,0,0
"20220420_SP_FF_transaction_1_allocation_628",,"20220420_SP_FF_transaction_1_contract_2","f0396705",2,0,0,0,0,0,0,0,0,0
"20220420_SP_FF_transaction_1_allocation_629",,"20220420_SP_FF_transaction_1_contract_2","f023198",491,0,0,0,0,0,0,0,0,0
"20220420_SP_FF_transaction_1_allocation_630",,"20220420_SP_FF_transaction_1_contract_2","f02388",1,0,0,0,0,0,0,0,0,0
"20220420_SP_FF_transaction_1_allocation_631",,"20220420_SP_FF_transaction_1_contract_2","f0467217",5,0,0,0,0,0,0,0,0,0
"20220420_SP_FF_transaction_1_allocation_632",,"20220420_SP_FF_transaction_1_contract_2","f019638",2,0,0,0,0,0,0,0,0,0
"20220420_SP_FF_transaction_1_allocation_633",,"20220420_SP_FF_transaction_1_contract_2","f010558",64,0,0,0,0,0,0,0,0,0
"20220420_SP_FF_transaction_1_allocation_634",,"20220420_SP_FF_transaction_1_contract_2","f0816420",2,0,0,0,0,0,0,0,0,0
"20220420_SP_FF_transaction_1_allocation_635",,"20220420_SP_FF_transaction_1_contract_2","f01509930",10,0,0,0,0,0,0,0,0,0
"20220420_SP_FF_transaction_1_allocation_636",,"20220420_SP_FF_transaction_1_contract_2","f0228232",36,0,0,0,0,0,0,0,0,0
"20220420_SP_FF_transaction_1_allocation_637",,"20220420_SP_FF_transaction_1_contract_2","f019041",38,0,0,0,0,0,0,0,0,0
"20220420_SP_FF_transaction_1_allocation_638",,"20220420_SP_FF_transaction_1_contract_2","f0471691",204,0,0,0,0,0,0,0,0,0
"20220420_SP_FF_transaction_1_allocation_639",,"20220420_SP_FF_transaction_1_contract_2","f0147496",213,0,0,0,0,0,0,0,0,0
"20220420_SP_FF_transaction_1_allocation_640",,"20220420_SP_FF_transaction_1_contract_2","f0133235",120,0,0,0,0,0,0,0,0,0
"20220420_SP_FF_transaction_1_allocation_641",,"20220420_SP_FF_transaction_1_contract_2","f0536177",59,0,0,0,0,0,0,0,0,0
"20220420_SP_FF_transaction_1_allocation_642",,"20220420_SP_FF_transaction_1_contract_2","f0711266",117,0,0,0,0,0,0,0,0,0
"20220420_SP_FF_transaction_1_allocation_643",,"20220420_SP_FF_transaction_1_contract_2","f0101019",63,0,0,0,0,0,0,0,0,0
"20220420_SP_FF_transaction_1_allocation_644",,"20220420_SP_FF_transaction_1_contract_2","f0147487",30,0,0,0,0,0,0,0,0,0
"20220420_SP_FF_transaction_1_allocation_645",,"20220420_SP_FF_transaction_1_contract_2","f0101016",60,0,0,0,0,0,0,0,0,0
"20220420_SP_FF_transaction_1_allocation_646",,"20220420_SP_FF_transaction_1_contract_2","f0101017",60,0,0,0,0,0,0,0,0,0
"20220420_SP_FF_transaction_1_allocation_647",,"20220420_SP_FF_transaction_1_contract_2","f020330",589,0,0,0,0,0,0,0,0,0
"20220420_SP_FF_transaction_1_allocation_648",,"20220420_SP_FF_transaction_1_contract_2","f01248",1489,0,0,0,0,0,0,0,0,0
"20220420_SP_FF_transaction_1_allocation_649",,"20220420_SP_FF_transaction_1_contract_2","f0154039",1611,0,0,0,0,0,0,0,0,0
"20220420_SP_FF_transaction_1_allocation_650",,"20220420_SP_FF_transaction_1_contract_2","f0463143",1769,0,0,0,0,0,0,0,0,0
"20220420_SP_FF_transaction_1_allocation_651",,"20220420_SP_FF_transaction_1_contract_2","f01756683",2080,0,0,0,0,0,0,0,0,0
"20220420_SP_FF_transaction_1_allocation_652",,"20220420_SP_FF_transaction_1_contract_2","f02417",234,0,0,0,0,0,0,0,0,0
"20220420_SP_FF_transaction_1_allocation_653",,"20220420_SP_FF_transaction_1_contract_2","f01012",1304,0,0,0,0,0,0,0,0,0
"20220420_SP_FF_transaction_1_allocation_654",,"20220420_SP_FF_transaction_1_contract_2","f01155",195,0,0,0,0,0,0,0,0,0
"20220420_SP_FF_transaction_1_allocation_655",,"20220420_SP_FF_transaction_1_contract_2","f01279",49,0,0,0,0,0,0,0,0,0
"20220420_SP_FF_transaction_1_allocation_656",,"20220420_SP_FF_transaction_1_contract_2","f01287",561,0,0,0,0,0,0,0,0,0
"20220420_SP_FF_transaction_1_allocation_657",,"20220420_SP_FF_transaction_1_contract_2","f01314",158,0,0,0,0,0,0,0,0,0
"20220420_SP_FF_transaction_1_allocation_658",,"20220420_SP_FF_transaction_1_contract_2","f01750",2,0,0,0,0,0,0,0,0,0
"20220420_SP_FF_transaction_1_allocation_659",,"20220420_SP_FF_transaction_1_contract_2","f01782",1792,0,0,0,0,0,0,0,0,0
"20220420_SP_FF_transaction_1_allocation_660",,"20220420_SP_FF_transaction_1_contract_2","f01800",446,0,0,0,0,0,0,0,0,0