"allocation_id","UUID","contract_id","minerID","volume_MWh","defaulted","step4_ZL_contract_complete","step5_redemption_data_complete","step6_attestation_info_complete","step7_certificates_matched_to_supply","step8_IPLDrecord_complete","step9_transaction_complete","step10_volta_complete","step11_finalRecord_complete","allocation_cid"
"20211115_3D_PL_transaction_1_allocation_1","3511aee8-c25c-48df-b930-719e8dfe2cea","20211115_3D_PL_transaction_1_contract_1","f0127595",1738,0,0,0,0,0,0,0,0,0,"bafyreihuo3voekqmhonuvzvuq67r3k2ayi5266pacm2vkr66asxncgxslu"
"20211115_3D_PL_transaction_1_allocation_2","92fa928e-43cd-4eb5-92df-d7114e0c4a1c","20211115_3D_PL_transaction_1_contract_2","f0127595",3373,0,0,0,0,0,0,0,0,0,"bafyreihbgew5bc7takspumdtbu3rqblvt64pc4b37mj6puezsqzb6bgxse"
"20211115_3D_PL_transaction_1_allocation_3","04f0738c-0ae3-40e3-bf80-e5401ce72559","20211115_3D_PL_transaction_1_contract_3","f0127595",1547,0,0,0,0,0,0,0,0,0,"bafyreicj2sv2p5mdoszmhnqz63zwwipvcrmimevqochy2762ptxv7u5uc4"
"20211115_3D_PL_transaction_1_allocation_4","42c88b3e-e02f-4cf6-a69e-0e975091f313","20211115_3D_PL_transaction_1_contract_4","f0127595",1497,0,0,0,0,0,0,0,0,0,"bafyreihnv3lr7kalks3dcooxwtotexko7en4evl2q5lsqlsev2mkxivnd4"
"20211115_3D_PL_transaction_1_allocation_5","60f77862-0bea-41f7-80ce-3ea218f5a36f","20211115_3D_PL_transaction_1_contract_5","f0688165",3066,0,0,0,0,0,0,0,0,0,"bafyreict6xlf6ujjf3vat226owqo6jqmmg4vw42cfprtelnqfozxi6e2vu"
"20211115_3D_PL_transaction_1_allocation_6","a2ef4c02-5f79-4da2-8c36-45acdcfb1939","20211115_3D_PL_transaction_1_contract_6","f0127595",4685,0,0,0,0,0,0,0,0,0,"bafyreigizz67igbswm7pnei22gf5atdwwp5ab3arbvgqgvbv772ae3jql4"
"20211115_3D_PL_transaction_1_allocation_7","4057aa0c-66a5-4bcf-9a51-4f2ff671e837","20211115_3D_PL_transaction_1_contract_7","f0128559",1070,0,0,0,0,0,0,0,0,0,"bafyreihcb6ypcfjtmw3bkj7yx665jrzezj7tsnlsr73c3xag5juzs3vzyu"
"20211115_3D_PL_transaction_1_allocation_8","f8f99a1d-8fa4-4ffe-bff6-dcdf8b28ccc7","20211115_3D_PL_transaction_1_contract_8","f0128559",1070,0,0,0,0,0,0,0,0,0,"bafyreidszpthhmhp5fesqo6qjwghg4cqww77vrqymcfw4pp3hhxbak66hq"
"20211115_3D_PL_transaction_1_allocation_9","c7d6a3f0-88b5-4c6b-babb-d35354384414","20211115_3D_PL_transaction_1_contract_9","f0128559",1070,0,0,0,0,0,0,0,0,0,"bafyreid6swighcus2faq27362o7yufxj42xexoku4xkkgw72n2enwk7ola"
"20211115_3D_PL_transaction_1_allocation_10","a5c176a0-1ccf-4b43-8451-aaa0bb542bd1","20211115_3D_PL_transaction_1_contract_10","f0688165",6290,0,0,0,0,0,0,0,0,0,"bafyreidil64hvstjfxdjcayhok7v4346wof2ewj7jt4sci67uei6j7zwhu"
"20211115_3D_PL_transaction_1_allocation_11","1530ee84-07d1-4985-9b69-a6601e0299e4","20211115_3D_PL_transaction_1_contract_11","f0128559",1035,0,0,0,0,0,0,0,0,0,"bafyreieuhbt65gubqidmeow3r565sd3aowsv3c6xwdakm63dt2x3fq4oli"
"20211115_3D_PL_transaction_1_allocation_12","24284542-d5fb-46ab-8418-d4fe9dfbf2c8","20211115_3D_PL_transaction_1_contract_12","f02770",952,0,0,0,0,0,0,0,0,0,"bafyreidwzci254cjttdfpfbar6pmg5hcafkbuzuq4vj2o5tqnpf7v46iou"
"20211115_3D_PL_transaction_1_allocation_13","32259827-f4c5-46e1-b093-e4cbdc909515","20211115_3D_PL_transaction_1_contract_13","f02770",952,0,0,0,0,0,0,0,0,0,"bafyreiboaci7jufnnlockavuy7fn62z6qpa55nipsbor33qj3cn7tcydxy"
"20211115_3D_PL_transaction_1_allocation_14","b6858387-e6b0-443c-991c-2481ad917011","20211115_3D_PL_transaction_1_contract_14","f02770",952,0,0,0,0,0,0,0,0,0,"bafyreiaahhcmerzlscrjuhlilwhpdvarx2nyecsyzeoak4on3p7j2opcvy"
"20211115_3D_PL_transaction_1_allocation_15","516e4061-1665-4b4c-a5d7-d8cf8642ea96","20211115_3D_PL_transaction_1_contract_15","f02770",952,0,0,0,0,0,0,0,0,0,"bafyreidkclhp4um7lctjk6xopo7o25s2gc44w3f27asfljqx6kt7ukfmnu"
"20211115_3D_PL_transaction_1_allocation_16","5c506f02-a016-4e8d-bb3a-58f34e0888cf","20211115_3D_PL_transaction_1_contract_16","f02770",950,0,0,0,0,0,0,0,0,0,"bafyreihu6yqilrg4rob54w7q3rbugignlae7dvymfq4navqh7ve43pll2m"
"20211115_3D_PL_transaction_1_allocation_17","c009632f-d13a-402f-bf04-86d23fa57109","20211115_3D_PL_transaction_1_contract_17","f02770",1590,0,0,0,0,0,0,0,0,0,"bafyreih57ebqcbuodtudbxt6q5t4zskcerctbpqobubhermyaqx54qujdq"
"20211115_3D_PL_transaction_1_allocation_18","e05afc32-c0c7-4179-b7d7-cc2b7a847e62","20211115_3D_PL_transaction_1_contract_18","f02770",921,0,0,0,0,0,0,0,0,0,"bafyreicubuzm74nte2tdz6j62kht4wqdib63qpt3u4emi5mphezp4gdhde"
"20211115_3D_PL_transaction_1_allocation_19","45a3c826-14a4-4822-9cc1-3ff9529607c9","20211115_3D_PL_transaction_1_contract_19","f02770",921,0,0,0,0,0,0,0,0,0,"bafyreic4bymmkwghc3t6nlqv5jgr6sjwmpfqidjusyhvnbi3ami7mlrd5q"
"20211115_3D_PL_transaction_1_allocation_20","11c87249-423d-463b-8c00-7cc9d1fa103d","20211115_3D_PL_transaction_1_contract_20","f0127595",5946,0,0,0,0,0,0,0,0,0,"bafyreigjj7iry3i7vdqniiijsqm57tihkx5tmazmucuehdazh64w3sybdq"
"20211115_3D_PL_transaction_1_allocation_21","a9d0dee3-0507-44d5-a297-63a1b4f96323","20211115_3D_PL_transaction_1_contract_21","f0128559",3658,0,0,0,0,0,0,0,0,0,"bafyreieofx6vte5tvdg6pwhphttf5efk32hqklilzvgavfoxzswuahfpeu"
"20211115_3D_PL_transaction_1_allocation_22","67aeebb2-ef99-40d9-977a-a6806215adb6","20211115_3D_PL_transaction_1_contract_22","f02770",860,0,0,0,0,0,0,0,0,0,"bafyreif2je63jwumrmcpbo3ujm4yxcj2skrqicvuu34oqqplkedfalyxdm"
"20211115_3D_PL_transaction_1_allocation_23","21b0e20f-08f9-44b0-9a6f-d3c9289e720e","20211115_3D_PL_transaction_1_contract_23","f02770",3455,0,0,0,0,0,0,0,0,0,"bafyreiabocqbxkub2qaq47xu2es5uzexs3sl5blbnerh65ocb3tgj7l2ce"
"20211115_3D_PL_transaction_1_allocation_24","edffe919-bb7b-4f03-8a0a-1f3571d4a357","20211115_3D_PL_transaction_1_contract_24","f0128559",3752,0,0,0,0,0,0,0,0,0,"bafyreihgd56gtaoiav3keodg2u6lqjvcevksb2b3eup5ttfb4ny3fnynsy"
"20211115_3D_PL_transaction_1_allocation_25","e9363a71-62bd-4049-a6b6-54f195949bcf","20211115_3D_PL_transaction_1_contract_25","f0688165",3545,0,0,0,0,0,0,0,0,0,"bafyreiftq55vntbhfptqrkwzcpax6pqrtudt43v465wpccbcmcvhmlmeau"
"20211115_3D_PL_transaction_1_allocation_26","9e79bb58-56f2-4f13-bb84-3aacee431957","20211115_3D_PL_transaction_1_contract_26","f02770",3651,0,0,0,0,0,0,0,0,0,"bafyreibk4gyyptmywvugkvrz5qwennxjanpbbn2i5uruxi5a56rjzpbybi"
"20211115_3D_PL_transaction_1_allocation_27","13e40454-e563-4070-bab2-81a5877a54fd","20211115_3D_PL_transaction_1_contract_27","f0127595",4497,0,0,0,0,0,0,0,0,0,"bafyreiarbvnr5xzgjgp2lg37puifamcjt4mjc4loepicyrjvr5nla3fzse"
"20211115_3D_PL_transaction_1_allocation_28","9957447a-7d04-45be-a9c0-6e6d1e40f7f2","20211115_3D_PL_transaction_1_contract_28","f0688165",2926,0,0,0,0,0,0,0,0,0,"bafyreifrkh2npttgbi6k5s5toallgzgn6wquo54eo4c2nhmeklrnkztmgq"
"20211115_3D_PL_transaction_1_allocation_29","12c06ebf-e6f5-4eba-82e0-809046c44a2e","20211115_3D_PL_transaction_1_contract_29","f02775",268,0,0,0,0,0,0,0,0,0,"bafyreigianqggyi27ujn4t4vk3xc5aujzcz7vjqxtuuzlwuhmfpahf4a4e"
"20211115_3D_PL_transaction_1_allocation_30","606a5406-5026-4ea8-97aa-0ca1b62f2a1d","20211115_3D_PL_transaction_1_contract_30","f02775",265,0,0,0,0,0,0,0,0,0,"bafyreiarsmrvwob633atsxoc7ksavoitn3jqkgwaddkku5scxinxctjdsq"
"20211115_3D_PL_transaction_1_allocation_31","c10fe862-ac44-49c6-8694-d47c118dc8ef","20211115_3D_PL_transaction_1_contract_31","f02775",265,0,0,0,0,0,0,0,0,0,"bafyreia7dd7bovxpqqrqgcmwyb26dkg6ln5w6ncpn6h5vfh6vzwbvhfcde"
"20211115_3D_PL_transaction_1_allocation_32","fd589b7e-e078-4e29-9987-d20f07eb3af9","20211115_3D_PL_transaction_1_contract_32","f02775",265,0,0,0,0,0,0,0,0,0,"bafyreidxecrhizgmko5tuzizlgtmigqg44xjvfj3tcbbtn4jvjfies7q3q"
"20211115_3D_PL_transaction_1_allocation_33","697467b2-6428-481a-b032-989fdbce1d2c","20211115_3D_PL_transaction_1_contract_33","f02775",265,0,0,0,0,0,0,0,0,0,"bafyreieqtmnh727qjktvjlbsvspdduxggxfocxdetccgnoeyw37bqbmrt4"
"20211115_3D_PL_transaction_1_allocation_34","1eb088d3-1b66-4e1e-be49-24681d560257","20211115_3D_PL_transaction_1_contract_34","f02775",265,0,0,0,0,0,0,0,0,0,"bafyreihjg4v7toul5oso2b6tl6s7bm7y72ucalxmgepsvzw7bmu4oxssom"
"20211115_3D_PL_transaction_1_allocation_35","47a4e267-ffc3-470a-a520-03103db1b98d","20211115_3D_PL_transaction_1_contract_35","f02775",265,0,0,0,0,0,0,0,0,0,"bafyreidy6yrvr6zywymsqzw2gkwwg27475atg2lkgfxljdimqv3d5q5upu"
"20211115_3D_PL_transaction_1_allocation_36","c64b39b9-1375-4b4b-a3b1-a19715d106d6","20211115_3D_PL_transaction_1_contract_36","f0128559",2968,0,0,0,0,0,0,0,0,0,"bafyreic2o7hc6tnr52dvnoiwms3upufvyxhxnwrhkoz7wty4zoqhuwvijm"
"20211115_3D_PL_transaction_1_allocation_37","7d96a758-9594-46be-bbed-69abc74bb1d5","20211115_3D_PL_transaction_1_contract_37","f02775",257,0,0,0,0,0,0,0,0,0,"bafyreidmnix5wwga2upqf56pi2tlscxc6zsr5p6evel534v42kmnzbbh5i"
"20211115_3D_PL_transaction_1_allocation_38","9e2f056f-c74c-40fa-b92e-b3ec72d86fe0","20211115_3D_PL_transaction_1_contract_38","f02775",257,0,0,0,0,0,0,0,0,0,"bafyreig3daxslrnkpxqysd2kdgelrzxgfw4qk7kab3pjwmbjqkni6sr4nq"
"20211115_3D_PL_transaction_1_allocation_39","761e22e5-f76f-486b-9565-6fdbab2ef516","20211115_3D_PL_transaction_1_contract_39","f02775",257,0,0,0,0,0,0,0,0,0,"bafyreihm5nk3wb5fkerh3kqjvexfogvvkkrccsa4ajwudd7j7qdlj5fj74"
"20211115_3D_PL_transaction_1_allocation_40","8eb989d1-0bf6-48ed-9257-9e91a43a18bc","20211115_3D_PL_transaction_1_contract_40","f02775",240,0,0,0,0,0,0,0,0,0,"bafyreiczbxjhbory47tryohvsre5nj4dwqkkbep457rdnzk2t7s6rpugiq"
"20211115_3D_PL_transaction_1_allocation_41","ee940df1-3515-441a-8265-b4d70f2bd2e7","20211115_3D_PL_transaction_1_contract_41","f02775",2492,0,0,0,0,0,0,0,0,0,"bafyreibml377kmwh27edhykyeavisq3jyuejx2gbo3etpbn5k37gqiqf4i"
"20211115_3D_PL_transaction_1_allocation_42","4e4504dd-2871-418b-b965-f29fea48c61d","20211115_3D_PL_transaction_1_contract_42","f02770",1985,0,0,0,0,0,0,0,0,0,"bafyreiclh2vs6jjohrrtz5bfsnikskfhnsbyb6tsycdc42am7j4r7jbjzi"
"20211115_3D_PL_transaction_1_allocation_43","e9c86d5e-74e1-444f-9486-7303504e30c9","20211115_3D_PL_transaction_1_contract_43","f0127595",1958,0,0,0,0,0,0,0,0,0,"bafyreig54lftvicu65a4juh7bydmuxojw2fspmt3k5xkqdfonu5fjlupd4"
"20211115_3D_PL_transaction_1_allocation_44","d7799315-96d6-4392-a407-b0b14df5b54a","20211115_3D_PL_transaction_1_contract_44","f0688165",1809,0,0,0,0,0,0,0,0,0,"bafyreiepv7wz3gawnkxzchvi4wychhhtqv56ljko4i5u3yfrvlvk7odrpi"
"20211115_3D_PL_transaction_1_allocation_45","f97eeba7-518f-4fd2-bff6-2fee3068f4c8","20211115_3D_PL_transaction_1_contract_45","f0128559",1356,0,0,0,0,0,0,0,0,0,"bafyreieo4sni3kgo2myyurxtep5hponfyo27iivwauu54yfqdkh7o2m3iu"
"20211115_3D_PL_transaction_1_allocation_46","c6b28f54-91a6-4ca4-83ed-7a52732a7421","20211115_3D_PL_transaction_1_contract_46","f0720636",90,0,0,0,0,0,0,0,0,0,"bafyreiaozho6onxw2vem4cmdyhl7xbc5mwbhldpo7vobo2ptv77dxa3vie"
"20211115_3D_PL_transaction_1_allocation_47","169a93aa-9fe0-4242-bad9-5b922a16f367","20211115_3D_PL_transaction_1_contract_47","f01051178",124,0,0,0,0,0,0,0,0,0,"bafyreid3p4u4opb7eevolfqk5wyahltpjjltxzj4gzg2xajendbva7vqvm"
"20211115_3D_PL_transaction_1_allocation_48","c479d02e-a870-4acd-90cc-226ab6aa8e01","20211115_3D_PL_transaction_1_contract_48","f01051178",20,0,0,0,0,0,0,0,0,0,"bafyreid7d3uxkgoqmfhfw253q6o5cekwkxfg66zcvvniukouh5qxohjp6u"
"20211115_3D_PL_transaction_1_allocation_49","9beec951-50f9-48fb-ab5c-c8cdcf97a740","20211115_3D_PL_transaction_1_contract_49","f0763337",130,0,0,0,0,0,0,0,0,0,"bafyreiex762zxe6owz7ygc5wnu73ug72bbivmbmiigad36xnlscr3vhoka"
"20211115_3D_PL_transaction_1_allocation_50","57ddb1b2-51e9-4f49-b8dd-b722c9a028dd","20211115_3D_PL_transaction_1_contract_50","f01234",32,0,0,0,0,0,0,0,0,0,"bafyreib6w4m57l3qgjajq3db47ubs7spnla3g4x4yoff7aavevqpydejga"
"20211115_3D_PL_transaction_1_allocation_51","e51bd084-cdcd-4a2a-b095-b1787de6e12e","20211115_3D_PL_transaction_1_contract_51","f01234",31,0,0,0,0,0,0,0,0,0,"bafyreidn26mvwllhbetghhxk65nhooa7io7bnuwfcp55y7ri6vaseqhxa4"
"20211115_3D_PL_transaction_1_allocation_52","c0a86ece-b998-4436-ac19-0e8e85a12abf","20211115_3D_PL_transaction_1_contract_52","f066596",54,0,0,0,0,0,0,0,0,0,"bafyreibhwczrpasrdmipp2kdx7zsnd32aknwps5gsld7ni4vyxc5kt5qvu"
"20211115_3D_PL_transaction_1_allocation_53","0cd7ae52-6650-4f3e-b4ad-30596aba3d92","20211115_3D_PL_transaction_1_contract_53","f066596",24,0,0,0,0,0,0,0,0,0,"bafyreic3vlbxo7tnkffrnjnmtyzzlf64tuhapt4xz23dbd2pnt3ic2i3mu"
"20211115_3D_PL_transaction_1_allocation_54","43338b70-fc6b-4ced-afbd-932be9782f3a","20211115_3D_PL_transaction_1_contract_54","f066596",13,0,0,0,0,0,0,0,0,0,"bafyreih4rlarcmnt3lihozqfmparofnmdfagqnfbkcormcrzxhq2hsa34y"
"20211115_3D_PL_transaction_1_allocation_55","9d0f454b-cf18-4afe-becf-d3e499bf53ac","20211115_3D_PL_transaction_1_contract_55","f066596",13,0,0,0,0,0,0,0,0,0,"bafyreifcol2qtwcwxf72xsjmag6flsjhlr5cbbcimjqfcik2a6zlrckezm"
"20211115_3D_PL_transaction_1_allocation_56","3f483085-0ec5-4124-9d0e-6b224b48c469","20211115_3D_PL_transaction_1_contract_56","f066596",13,0,0,0,0,0,0,0,0,0,"bafyreibjxy7om7337bbktaluujfyhk6s6j3xel2uagd5xtshwvuf6un7tu"
"20211115_3D_PL_transaction_1_allocation_57","4b11f22a-1bed-45bf-9b86-a5db4402e581","20211115_3D_PL_transaction_1_contract_57","f066596",14,0,0,0,0,0,0,0,0,0,"bafyreigxlr5alz5g5fhlocldjeddk2go73jf6cafxhtf7jbze3svfq4il4"
"20211115_3D_PL_transaction_1_allocation_58","d6612c0b-1a2f-4a91-ab99-a1509fa6685e","20211115_3D_PL_transaction_1_contract_58","f066596",15,0,0,0,0,0,0,0,0,0,"bafyreifhmpx7jdq4ewd3xf5e7cao6kecqy24fzcuukaxdyod7pxfuu77jm"
"20211115_3D_PL_transaction_1_allocation_59","4a61f39b-96cc-4157-ba15-d40662c9a970","20211115_3D_PL_transaction_1_contract_59","f0720636",102,0,0,0,0,0,0,0,0,0,"bafyreicyqlmr2sllqe6d4qcbxmhuh2bs7enoy2qql3g3kzdxdteix7a4pa"
"20211115_3D_PL_transaction_1_allocation_60","91e140de-79b1-4910-9b37-929ff697a50c","20211115_3D_PL_transaction_1_contract_60","f01051828",15,0,0,0,0,0,0,0,0,0,"bafyreid4cujgr7fsqonfzxcksxgdkal7e76csf6oo4tpxuto2iyymurg54"
"20211115_3D_PL_transaction_1_allocation_61","932e47c8-d640-484f-b723-c59f67f590ba","20211115_3D_PL_transaction_1_contract_61","f01051828",3,0,0,0,0,0,0,0,0,0,"bafyreid4toufcb5fkrp5xc23rf5vf5ol5qkdizduroj53ku3bxutdnhwom"
"20211115_3D_PL_transaction_1_allocation_62","b23d20c8-f8d9-42ea-bcc6-935f1e00ad85","20211115_3D_PL_transaction_1_contract_62","f01234",15,0,0,0,0,0,0,0,0,0,"bafyreifly5e2jnhfwyjw6tltpbhn3ix624shw6lwfakr5uq3nvnoyuhyfi"
"20211115_3D_PL_transaction_1_allocation_63","b0da09da-50af-4ab8-ba23-a809d3165ff8","20211115_3D_PL_transaction_1_contract_63","f01234",26,0,0,0,0,0,0,0,0,0,"bafyreicgqs523r4rjdq2xxscpxbhkgmnde4bejvh26aggglqtrunktqtzy"
"20211115_3D_PL_transaction_1_allocation_64","6d3362b0-2c13-4232-a6e0-d6ad2bfe97e9","20211115_3D_PL_transaction_1_contract_64","f01234",18,0,0,0,0,0,0,0,0,0,"bafyreidiijw32m6bcgh4d3rvuuyx3dd3yr3kspbe657dyqex3m67dz2eza"
"20211115_3D_PL_transaction_1_allocation_65","694afdb6-ae0c-4046-9e06-0f6ec0561ac6","20211115_3D_PL_transaction_1_contract_65","f014365",2,0,0,0,0,0,0,0,0,0,"bafyreiggf4et3mnzdi64wmjwobxjoy2dsfo2krzociva6iws5s5bhghjom"
"20211115_3D_PL_transaction_1_allocation_66","c6a7c25c-9a1f-48a3-9cb7-5b607ab157f0","20211115_3D_PL_transaction_1_contract_66","f01234",2,0,0,0,0,0,0,0,0,0,"bafyreibaqn4fpwfl7l53we2lwyu2ireicsk56bp2fatbaerjus4stqtvem"
"20211115_3D_PL_transaction_1_allocation_67","36e490c4-ab97-406f-8542-8f844abbffab","20211115_3D_PL_transaction_1_contract_67","f01234",1,0,0,0,0,0,0,0,0,0,"bafyreid3crchg3f6hmshqgijwfe43h3bw4hqhhjccvu2sclhrfqfqblymu"
"20211115_3D_PL_transaction_1_allocation_68","2400edf3-8f69-4fe9-8f7f-072af5f1981e","20211115_3D_PL_transaction_1_contract_68","f01234",1,0,0,0,0,0,0,0,0,0,"bafyreiggdkub2glik72evzzfkx3pao7pyfcpi5udk6yyf3js5btdy6gufa"
"20211115_3D_PL_transaction_1_allocation_69","e2e8558c-2316-4631-91f1-10c659a191a2","20211115_3D_PL_transaction_1_contract_69","f01234",1,0,0,0,0,0,0,0,0,0,"bafyreicwan6ntk5uffehq4simxehtc27lsewhe6lbzvbw2jlothueqbqai"
"20211115_3D_PL_transaction_1_allocation_70","58fb3071-dfc6-4c50-b459-f07a9f9185f5","20211115_3D_PL_transaction_1_contract_70","f066596",45,0,0,0,0,0,0,0,0,0,"bafyreicpzxpy5qzhb3xewmvlxbrzx7j4czvt5bqzazgjhudg57mh4toq7m"
"20211115_3D_PL_transaction_1_allocation_71","e0e3e0ee-90f6-43b2-a9ad-3acdddd2edd1","20211115_3D_PL_transaction_1_contract_71","f066596",19,0,0,0,0,0,0,0,0,0,"bafyreifjeuoli4q5sybnf3tbcr3penv2kmiihk6574juhrgrdy6i4c6swi"
"20211115_3D_PL_transaction_1_allocation_72","2ad0266b-d2a7-4756-8e7e-3de07ea6489e","20211115_3D_PL_transaction_1_contract_72","f0678914",13,0,0,0,0,0,0,0,0,0,"bafyreiglgpdzszhs36bmlhm5cstsybd5g4orwlqfs3fnpjvzsqc6movxva"
"20211115_3D_PL_transaction_1_allocation_73","4a6e3b80-381f-4bac-a28e-307af9d34ccf","20211115_3D_PL_transaction_1_contract_73","f0678914",3,0,0,0,0,0,0,0,0,0,"bafyreic7gzptovd6gts5fvrhn2l6yjqaucqvwt7txursc5nvchliclwq7y"
"20211115_3D_PL_transaction_1_allocation_74","d6c6e505-ff8f-4a55-97bd-12620d78dc52","20211115_3D_PL_transaction_1_contract_74","f0763337",93,0,0,0,0,0,0,0,0,0,"bafyreidhbsblum4uf57lamlqfofmoiljzhvjkqhejkp4zxvweupxyvffsi"
"20211115_3D_PL_transaction_1_allocation_75","8041fb10-8245-41a0-b073-a9fc7b6b3321","20211115_3D_PL_transaction_1_contract_75","f022142",1,0,0,0,0,0,0,0,0,0,"bafyreibjyez5vjyr4th7ub4l5myrfrdxpehs22cyrrnivcvdei2l44iapa"
"20211115_3D_PL_transaction_1_allocation_76","4a044217-d383-4caf-8245-60d0717457a7","20211115_3D_PL_transaction_1_contract_76","f022142",1,0,0,0,0,0,0,0,0,0,"bafyreierbe4mrngez5f34d7qafa5tynm3ped6atmhs53hqaxwh2avbed3q"
"20211115_3D_PL_transaction_1_allocation_77","f9845e27-f954-43c8-ad9e-43659ba666c8","20211115_3D_PL_transaction_1_contract_77","f022142",1,0,0,0,0,0,0,0,0,0,"bafyreifsljapgy7ktfqf7kbjj6uy56s2443uq2shp5k2i4daa53uzcqirm"
"20211115_3D_PL_transaction_1_allocation_78","d8ec82bf-60a0-4391-b5c5-4a4cc6f61f51","20211115_3D_PL_transaction_1_contract_78","f01051178",81,0,0,0,0,0,0,0,0,0,"bafyreiaaaise72yo7obw4ngibq5chnqxjvplukv4yq6kliwjig52rhx6n4"
"20211115_3D_PL_transaction_1_allocation_79","003ad183-6555-4231-a243-e8acf19f7002","20211115_3D_PL_transaction_1_contract_79","f01051828",9,0,0,0,0,0,0,0,0,0,"bafyreickaguj7mqr53sjiurzjakgmmalmn7d6b75eok3gl55gfcffe2yo4"
"20211115_3D_PL_transaction_1_allocation_80","6cf4159c-649b-46b7-9fa1-f26910a1974d","20211115_3D_PL_transaction_1_contract_80","f01175097",9,0,0,0,0,0,0,0,0,0,"bafyreidrm6ppixm5bwtbabnxnh7gdgaagtisb34hbqfrex3q7pq4dhazg4"
"20211115_3D_PL_transaction_1_allocation_81","87b80f60-e8f5-4280-8da9-778570bcb0aa","20211115_3D_PL_transaction_1_contract_81","f01234",3,0,0,0,0,0,0,0,0,0,"bafyreiaoz74j6r6qnvav2u4pgg72oalfqp2nzx44lo2xe4ey5e2ue6xoo4"
"20211115_3D_PL_transaction_1_allocation_82","1c40d9d7-5be9-49c5-afac-027f41b97b63","20211115_3D_PL_transaction_1_contract_82","f01234",12,0,0,0,0,0,0,0,0,0,"bafyreieelj6dwt4d7yvdhdlinswmui6qrtocllw5djqi6lys35o3x34mqa"
"20211115_3D_PL_transaction_1_allocation_83","bfcd046f-2f78-4652-b8fd-b1df27c64fd2","20211115_3D_PL_transaction_1_contract_83","f01234",20,0,0,0,0,0,0,0,0,0,"bafyreiecsw7rilbh2kqakmwm7yxjv5vx6wmg7uroi6nkrfpydqwfdggpxq"
"20211115_3D_PL_transaction_1_allocation_84","8a173975-2e2d-46db-ae6a-aeca46bd21a5","20211115_3D_PL_transaction_1_contract_84","f0720636",1,0,0,0,0,0,0,0,0,0,"bafyreigi2yzr7uhwea2bjivn3mb2oozqd57xg27eb6oe2efwocipnc3kz4"
"20211115_3D_PL_transaction_1_allocation_85","6095cd51-600f-43f8-ba0e-31c312b501fb","20211115_3D_PL_transaction_1_contract_85","f0720636",24,0,0,0,0,0,0,0,0,0,"bafyreif4muto3drhaj2w646s25jm4ramu4mgmrojy62ywf74ptexslxla4"
"20211115_3D_PL_transaction_1_allocation_86","972d31cf-3cc0-4c3a-b2eb-5d7d1ea6ed7f","20211115_3D_PL_transaction_1_contract_86","f0720636",46,0,0,0,0,0,0,0,0,0,"bafyreic25usgshyietzet6iaxhfabfxibzzplujfc7vzydpq33aawv2dn4"
"20211115_3D_PL_transaction_1_allocation_87","b0e7e625-c7c5-4322-add8-049a87d0cf14","20211115_3D_PL_transaction_1_contract_87","f02576",4,0,0,0,0,0,0,0,0,0,"bafyreiggvmy535lnmmluskusu3vn3ndkbokylgkofoww356kpn7mh3mgwy"
"20211115_3D_PL_transaction_1_allocation_88","13caa7af-80f6-4cea-bb38-6406e085beeb","20211115_3D_PL_transaction_1_contract_88","f01278",1,0,0,0,0,0,0,0,0,0,"bafyreib4elrdylmadduazyxgbejjn6yoby3nao6uvukmnz4ydmhqbmk6p4"
"20211115_3D_PL_transaction_1_allocation_89","3a240dfd-4d32-4d19-9c4a-424029e7ff4d","20211115_3D_PL_transaction_1_contract_89","f01278",1,0,0,0,0,0,0,0,0,0,"bafyreifxlnsdgxebgm4wzu26eawfplfrbzb6ybfsyp3uf4oqpnkv64iwwi"
"20211115_3D_PL_transaction_1_allocation_90","0181803e-e001-43f6-bb67-fcddaca8ae78","20211115_3D_PL_transaction_1_contract_90","f01278",1,0,0,0,0,0,0,0,0,0,"bafyreiaro3biqg6yhk2c3kgstgqc5wq2ryuron5j74gejumkt5pqendlwi"
"20211115_3D_PL_transaction_1_allocation_91","f760484f-e9c7-4f9d-b200-9eaef80a2d9f","20211115_3D_PL_transaction_1_contract_91","f01278",1,0,0,0,0,0,0,0,0,0,"bafyreidnj4nffskmblo6jcg7gxwi2c54ekvnspcbazlngqjgw53so4hxmy"
"20211115_3D_PL_transaction_1_allocation_92","68bc14e7-27a7-4751-860a-fdb10c20b80d","20211115_3D_PL_transaction_1_contract_92","f01278",2,0,0,0,0,0,0,0,0,0,"bafyreigicfs5shn4x4ukz34biarafxd72yt54uhcyxqxhretfsexsqrnou"
"20211115_3D_PL_transaction_1_allocation_93","ca6485de-3361-4140-a822-141ae2c31bfd","20211115_3D_PL_transaction_1_contract_93","f01278",1,0,0,0,0,0,0,0,0,0,"bafyreicnsndrgtfz5qe22htivqzplgv3p6hpduymowtoyjaivnh2qqt42u"
"20211115_3D_PL_transaction_1_allocation_94","5247a421-e53d-4dbb-8635-a07aaff22a9e","20211115_3D_PL_transaction_1_contract_94","f01278",1,0,0,0,0,0,0,0,0,0,"bafyreihvhnohwggqk5zeazqmoykl2x4725jraefzoezmpr2xzhluyankp4"
"20211115_3D_PL_transaction_1_allocation_95","ef37becf-35e7-4d78-aa56-62deb13bc427","20211115_3D_PL_transaction_1_contract_95","f01278",2,0,0,0,0,0,0,0,0,0,"bafyreidxrvxtmcx7jxxirvd2lymnkveafb64qlrvp4lm54z7ambbr2ikoe"
"20211115_3D_PL_transaction_1_allocation_96","b249e390-87a5-4189-8a4d-25e0db72dd6e","20211115_3D_PL_transaction_1_contract_96","f01278",1,0,0,0,0,0,0,0,0,0,"bafyreidbjmutb5iq6dscdfbzsb7jr2ac4hxzrokhyljlk5cx5vg7p24gmq"
"20211115_3D_PL_transaction_1_allocation_97","20faf477-f9fb-4ab0-a6b1-c1331546b7e3","20211115_3D_PL_transaction_1_contract_97","f01278",2,0,0,0,0,0,0,0,0,0,"bafyreihphstbxoyogysmxwxasqwfuyitcwnqqrhhzecm4dtwb2eiezngeu"
"20211115_3D_PL_transaction_1_allocation_98","7c7aca0e-9b6a-423e-aa90-2b2d2549385a","20211115_3D_PL_transaction_1_contract_98","f01278",1,0,0,0,0,0,0,0,0,0,"bafyreib6hb7utqgz6dga4p23l7yhotfyf26vb3e3cs7o5lhxsplmvks4wa"
"20211115_3D_PL_transaction_1_allocation_99","f875c33f-4424-48c0-a8a7-8b3b6f2e3778","20211115_3D_PL_transaction_1_contract_99","f01278",1,0,0,0,0,0,0,0,0,0,"bafyreibcia4tf2rzyhgqlyrf7cwhnyejd5gpiei3xo46aoadnxzdtrkhx4"
"20211115_3D_PL_transaction_1_allocation_100","cc425770-fcb8-4ab7-b7b9-73a143f83107","20211115_3D_PL_transaction_1_contract_100","f014365",2,0,0,0,0,0,0,0,0,0,"bafyreibgpjbhcdig4vjmo4ahncjiexgxgbufipck7pgkn4ca237qofwf6m"
"20211115_3D_PL_transaction_1_allocation_101","2415acb3-f61b-44c0-aeb3-406ca6ef1554","20211115_3D_PL_transaction_1_contract_101","f014365",1,0,0,0,0,0,0,0,0,0,"bafyreihcnqq2rvnaxxoxh7b5iiecut7lygqmgvyyjbsbwlzvsygtleylge"
"20211115_3D_PL_transaction_1_allocation_102","aa30e146-c7ef-49fc-b4eb-e09beb5aea70","20211115_3D_PL_transaction_1_contract_102","f014365",1,0,0,0,0,0,0,0,0,0,"bafyreibqxiz5drddrivset4sdhd7gbyy6qoohimekdfeayiy2s7lyrijyu"
"20211115_3D_PL_transaction_1_allocation_103","3a1402bf-a1d2-40ec-8d67-079f6890b07d","20211115_3D_PL_transaction_1_contract_103","f014365",1,0,0,0,0,0,0,0,0,0,"bafyreieuwam22mmzqli6jysjxo547mof7rcvkwn2bgiogm6jrixbuugpzy"
"20211115_3D_PL_transaction_1_allocation_104","4144d3dd-6a59-4f74-ac86-2a1c4b34a6c6","20211115_3D_PL_transaction_1_contract_104","f014365",1,0,0,0,0,0,0,0,0,0,"bafyreig372b5tft3fojrfdvf7ip5drvxftqvjp35vx6wwmjlxm7ofgd2ri"
"20211115_3D_PL_transaction_1_allocation_105","d344aa13-3b78-4c01-9de6-ed719505ecd7","20211115_3D_PL_transaction_1_contract_105","f014365",1,0,0,0,0,0,0,0,0,0,"bafyreiei7pu3sin5uxkf765hdonwkrapfnu36fplqo2oxyr5nmwhysukgy"
"20211115_3D_PL_transaction_1_allocation_106","936c0cf8-a6f5-4af0-ae58-0ff7ac668c64","20211115_3D_PL_transaction_1_contract_106","f014365",1,0,0,0,0,0,0,0,0,0,"bafyreiaehhnudcajkfjl3n7m4bjx3xm6kuv3btyzxb2gpqh52aervxo7ya"
"20211115_3D_PL_transaction_1_allocation_107","074ddc6e-ee55-4bb2-838f-3ca6daa8d6cb","20211115_3D_PL_transaction_1_contract_107","f014365",1,0,0,0,0,0,0,0,0,0,"bafyreihmhxes7vvulektjrrawswsguwja7hoykkgkd5ld3frqqrcnvu5ia"
"20211115_3D_PL_transaction_1_allocation_108","cb226046-d981-44d1-8e94-280fe3a0c92b","20211115_3D_PL_transaction_1_contract_108","f014365",1,0,0,0,0,0,0,0,0,0,"bafyreievo7mrzulqddqjsbpbr6gwvcvu3glmon6ihdet5dtqauvyjrqxbe"
"20211115_3D_PL_transaction_1_allocation_109","662e448a-d02a-40c0-af4a-016459064465","20211115_3D_PL_transaction_1_contract_109","f014365",1,0,0,0,0,0,0,0,0,0,"bafyreiegf5cwdeqhf4fk3wp7w7hnoygtm2en53ccxo3anvzyab3kwmhroy"
"20211115_3D_PL_transaction_1_allocation_110","98d93c41-d0bf-4eed-ac6f-818e0f5b2267","20211115_3D_PL_transaction_1_contract_110","f014365",1,0,0,0,0,0,0,0,0,0,"bafyreieidmv7m7c72ibzxv5wreoyr5jmzlwq7byk7tee7txnyigeizctyi"
"20211115_3D_PL_transaction_1_allocation_111","33870444-2ded-43b9-ba23-00496851021b","20211115_3D_PL_transaction_1_contract_111","f019104",1,0,0,0,0,0,0,0,0,0,"bafyreiaxf3cfva6gv5pqrtg7smfvkw3u7rya7l4upzmildseb44fgqawga"
"20211115_3D_PL_transaction_1_allocation_112","6638df85-98bd-4e3a-b0b3-c96bcbf3886e","20211115_3D_PL_transaction_1_contract_112","f019104",1,0,0,0,0,0,0,0,0,0,"bafyreihhe4l6dmoqf7zq4x3ofennj2sxxlwxyoicslhvbdky4ipunywm5q"
"20211115_3D_PL_transaction_1_allocation_113","106c89d1-cb32-4da9-8cc1-d798e24dd2cb","20211115_3D_PL_transaction_1_contract_113","f019104",1,0,0,0,0,0,0,0,0,0,"bafyreid6x3g4ghpfgkzcnaela5xe3cdemisqjigp4bfzrxwi4rneekzvse"
"20211115_3D_PL_transaction_1_allocation_114","4c055df9-df33-4afb-a165-2f3f95b8fd01","20211115_3D_PL_transaction_1_contract_114","f019104",1,0,0,0,0,0,0,0,0,0,"bafyreiae36gg7lsqclrt36n3ub77m3w56vguuk3rsdblkqeaauxahltl6e"
"20211115_3D_PL_transaction_1_allocation_115","f56bbb2a-08f2-400f-84d7-906dee818e69","20211115_3D_PL_transaction_1_contract_115","f019104",2,0,0,0,0,0,0,0,0,0,"bafyreigct2sbli5zmm4x4jwlylui4gvvouunn4uk2n7mjlyzbqc4rwz7ki"
"20211115_3D_PL_transaction_1_allocation_116","65893507-7b4a-4c78-8d22-b9325d401824","20211115_3D_PL_transaction_1_contract_116","f019104",1,0,0,0,0,0,0,0,0,0,"bafyreidz6b5i5arazay7iiq6a3c64yxhydtqgi7d52wxgfsxnmhegpplpa"
"20211115_3D_PL_transaction_1_allocation_117","be44b954-e9aa-4abd-b7cb-6c8d77119d16","20211115_3D_PL_transaction_1_contract_117","f019104",1,0,0,0,0,0,0,0,0,0,"bafyreiecqchitpubp7e7jwkrx34z6foohtnxrf2fvwsby7vbwbumehe54y"
"20211115_3D_PL_transaction_1_allocation_118","11a57ae4-5706-4882-b01b-b77d66dff5f5","20211115_3D_PL_transaction_1_contract_118","f019104",1,0,0,0,0,0,0,0,0,0,"bafyreihaizmgkw432dborks2mtdjp52jhsph2u5v4l6wrv3pybfw3zdlo4"
"20211115_3D_PL_transaction_1_allocation_119","4ae11c1d-1cbd-4ec1-98ba-861e6aaf1b76","20211115_3D_PL_transaction_1_contract_119","f019104",1,0,0,0,0,0,0,0,0,0,"bafyreiezabwmwhgjxw6t5aia6qd2ltenxu7iwwonud4uqsnct2s4sve5kq"
"20211115_3D_PL_transaction_1_allocation_120","06ef71aa-0e21-40b7-a69d-963bafb777a5","20211115_3D_PL_transaction_1_contract_120","f019104",1,0,0,0,0,0,0,0,0,0,"bafyreict7kv57tvjnipxboc3bx2rw2biihp4wtocygyfmq2ibkeogde7b4"
"20211115_3D_PL_transaction_1_allocation_121","77584d23-4717-42c8-8c43-52ae998d2996","20211115_3D_PL_transaction_1_contract_121","f019104",2,0,0,0,0,0,0,0,0,0,"bafyreifn3luijiw7lqzfdvgxut2yv4h7z2ubdnzizttmrhmfgg7jeafife"
"20211115_3D_PL_transaction_1_allocation_122","411f395b-d41b-4e23-866f-4d28ad5f026a","20211115_3D_PL_transaction_1_contract_122","f019104",2,0,0,0,0,0,0,0,0,0,"bafyreid22cszvn3gv7dxtxnfqp2uvz5bbzihze6pe3m7rvydtrmekfakwa"
"20211115_3D_PL_transaction_1_allocation_123","154bbd1d-f51a-4ca8-82b5-b7fc8b0e5d5d","20211115_3D_PL_transaction_1_contract_123","f022142",1,0,0,0,0,0,0,0,0,0,"bafyreidmumkt2yspvihfo3jdizetp72zjtstjndumcdyiwlsbxwprarcqy"
"20211115_3D_PL_transaction_1_allocation_124","6ec59f56-d539-4e8c-8996-0e35351130be","20211115_3D_PL_transaction_1_contract_124","f0728347",1,0,0,0,0,0,0,0,0,0,"bafyreietyl4sldqqbtmw2nchqfbisrbuwi6p43gs3en3bv7opholl55jku"
"20211115_3D_PL_transaction_1_allocation_125","95ad76da-9923-4f35-b727-8663c5196147","20211115_3D_PL_transaction_1_contract_125","f022142",8,0,0,0,0,0,0,0,0,0,"bafyreibmdfxnomuw5zy2bkp3bsdjmad6pltkfxv5twdp2q43apryuqvmpm"
"20211115_3D_PL_transaction_1_allocation_126","9f24b173-438f-4dc1-96d8-079ba75894b2","20211115_3D_PL_transaction_1_contract_126","f0728347",1,0,0,0,0,0,0,0,0,0,"bafyreifz3atrr3aofrduwty47bnvi7jqu75aqfvgoahkexa5chryl5bqry"
"20211115_3D_PL_transaction_1_allocation_127","983654fa-4890-47bb-b52b-790ef679a18a","20211115_3D_PL_transaction_1_contract_127","f01045784",1,0,0,0,0,0,0,0,0,0,"bafyreifyjhde37ykcbcta7s2n62l5sfj5bbdfyf4ywdkzom62g7jeke33u"
"20211115_3D_PL_transaction_1_allocation_128","78186207-21a9-444b-b65f-6ffeeda42542","20211115_3D_PL_transaction_1_contract_128","f022142",8,0,0,0,0,0,0,0,0,0,"bafyreigavrtbjyzhx5ctcqybotyhvzvvdfm2gkwgk4hzlv5qo3cv34llda"
"20211115_3D_PL_transaction_1_allocation_129","0d918711-837a-478b-aae3-a522decde0d4","20211115_3D_PL_transaction_1_contract_129","f0728347",1,0,0,0,0,0,0,0,0,0,"bafyreian4ga2bc4psa3piqzkxnnjoszzp5nbonwfup4wb2cppuewjg33be"
"20211115_3D_PL_transaction_1_allocation_130","a1a28716-408b-4237-83b6-234c06c34b76","20211115_3D_PL_transaction_1_contract_130","f01045784",1,0,0,0,0,0,0,0,0,0,"bafyreihjep3by36phxq2vyjg54xaldhmtpqh4lbdno5dijtdi7ot3imbb4"
"20211115_3D_PL_transaction_1_allocation_131","67f2ad19-1d11-4aa6-8e0b-7eff23b04e9b","20211115_3D_PL_transaction_1_contract_131","f022142",9,0,0,0,0,0,0,0,0,0,"bafyreiaegqf4ib7zqtmuc7e35nwgpmj7nlftai3lcesgr7uvxll5w55saa"
"20211115_3D_PL_transaction_1_allocation_132","27bed2d7-d431-4d95-b987-3a0343382d2d","20211115_3D_PL_transaction_1_contract_132","f0728347",1,0,0,0,0,0,0,0,0,0,"bafyreidlzyc73uprjgmmdgqefmdrkj3w2coc6srfmbeppcpzjy2kultrjy"
"20211115_3D_PL_transaction_1_allocation_133","b3c75b25-e0c2-4271-abb7-f691b6772ae0","20211115_3D_PL_transaction_1_contract_133","f01045784",1,0,0,0,0,0,0,0,0,0,"bafyreibudykeolc73iduirxkh5vk7zb6lasmksx3sae4c23dqbgedkxqsa"
"20211115_3D_PL_transaction_1_allocation_134","5fc14124-1701-4f47-94e1-8164c79a2d84","20211115_3D_PL_transaction_1_contract_134","f022142",9,0,0,0,0,0,0,0,0,0,"bafyreicft6brjy4pbjq6d7eoq4q644nlwrxtsrei64tgth4cqf54i5fzym"
"20211115_3D_PL_transaction_1_allocation_135","fa40c35b-145f-4419-b49d-65e2c71c09f5","20211115_3D_PL_transaction_1_contract_135","f02576",5,0,0,0,0,0,0,0,0,0,"bafyreieynwjshky3jv45ngc6xkmv5cet3xyn7nemrpotpbru4t6dk5x26q"
"20211115_3D_PL_transaction_1_allocation_136","a95be038-a303-4526-bb55-9a11763eb8f0","20211115_3D_PL_transaction_1_contract_136","f02576",3,0,0,0,0,0,0,0,0,0,"bafyreifjeob6tg4tg4k7agiiokmd3fjfdpyh3ea7fbwj2nz372ixyytbvi"
"20211115_3D_PL_transaction_1_allocation_137","e5b25153-b540-49fa-ad1d-c4a239d45ca4","20211115_3D_PL_transaction_1_contract_137","f02576",4,0,0,0,0,0,0,0,0,0,"bafyreicymnl5qqznp4cxzv4dvfkt4fyxxqt3rsjem5kkeizeghj6h3n6ui"
"20211115_3D_PL_transaction_1_allocation_138","8553a006-87f8-44a7-aefb-9fd3649ebf48","20211115_3D_PL_transaction_1_contract_138","f02576",2,0,0,0,0,0,0,0,0,0,"bafyreiebgpihvftoeddbnmbxutvr6humvoc6w6ep7iow6h5ytg3kc43m2i"
"20211115_3D_PL_transaction_1_allocation_139","98a6c429-1a74-4430-a7e0-357259a3a7a0","20211115_3D_PL_transaction_1_contract_139","f02576",3,0,0,0,0,0,0,0,0,0,"bafyreih3jqynfil2ushuuxk45ptlpwoovwni72ueekgw7fscoznatzxgw4"
"20211115_3D_PL_transaction_1_allocation_140","b89d12e6-5308-4e25-bb58-393528b10f5a","20211115_3D_PL_transaction_1_contract_140","f02576",3,0,0,0,0,0,0,0,0,0,"bafyreictudo2bwgigx25zzrp7xpnfhejpru4nvxtslr2akbjhmyxxpvoum"
"20211115_3D_PL_transaction_1_allocation_141","3f0391e0-d6ea-4fd7-9372-866bae3e2d62","20211115_3D_PL_transaction_1_contract_141","f02576",4,0,0,0,0,0,0,0,0,0,"bafyreifplkpsawokibca3jsmegmcx55lnuw3l77ul4ghlc6io5jjr7i7i4"
"20211115_3D_PL_transaction_1_allocation_142","fae15c1c-21ab-42b5-85ce-24d2bfe42006","20211115_3D_PL_transaction_1_contract_142","f02576",3,0,0,0,0,0,0,0,0,0,"bafyreiazkdasbf35fsjp2tqrb3lpnnhhptjd6kei4lvjfwc4hksa2ori5q"
"20211115_3D_PL_transaction_1_allocation_143","db27550c-22b1-4b9e-86ac-82123e209bc8","20211115_3D_PL_transaction_1_contract_143","f066596",11,0,0,0,0,0,0,0,0,0,"bafyreif5bbycjpsoejihrj3mfyyjxx6zfr4udnagla5entah6hle3qx434"
"20211115_3D_PL_transaction_1_allocation_144","3a3c5233-2141-4b62-88cb-176dfeceedd2","20211115_3D_PL_transaction_1_contract_144","f0678914",1,0,0,0,0,0,0,0,0,0,"bafyreicqstu2mt7l4p3owf4aqo5pfct64g2ty5hkez3haz3et4ib72nglm"
"20211115_3D_PL_transaction_1_allocation_145","7f19bac9-b995-40a4-97b4-ccb61f44ec88","20211115_3D_PL_transaction_1_contract_145","f0678914",1,0,0,0,0,0,0,0,0,0,"bafyreigp77fccebrlpht7iybnauwrfpb47knwtwyryy6qltb6srmgwypsu"
"20211115_3D_PL_transaction_1_allocation_146","90281471-036c-4a5a-879f-21666069fbf7","20211115_3D_PL_transaction_1_contract_146","f0678914",6,0,0,0,0,0,0,0,0,0,"bafyreigwnitfjwwiwbu5nhh7k3rbhbr4swusyud6c74ywchq2sjmobo4ky"
"20211115_3D_PL_transaction_1_allocation_147","e5dd5528-d31b-4a16-b38f-a40bcee3131a","20211115_3D_PL_transaction_1_contract_147","f02576",4,0,0,0,0,0,0,0,0,0,"bafyreigop5b4eztvx7kcww6qndydxpukz2p5v3umk2ekfqm5zzwzwgulle"
"20211115_3D_PL_transaction_1_allocation_148","214c8bc4-0aac-42c6-9944-aa3c88b8c3ea","20211115_3D_PL_transaction_1_contract_148","f02576",3,0,0,0,0,0,0,0,0,0,"bafyreihcznttoae6tf5ptfky6rezywqrzwnho36xhcmzwnhtwz45id4x4u"
"20211115_3D_PL_transaction_1_allocation_149","3e9e074c-af85-43d8-8512-37c10bc1e836","20211115_3D_PL_transaction_1_contract_149","f02576",4,0,0,0,0,0,0,0,0,0,"bafyreigvm4cm6kdh7azygapj67ysnctmwi5igg4syl4mlt2t6vc64fuwsa"
"20211115_3D_PL_transaction_1_allocation_150","aa27f748-a292-421a-b8ac-0cd65e4b05d7","20211115_3D_PL_transaction_1_contract_150","f0728347",1,0,0,0,0,0,0,0,0,0,"bafyreial3ayjdwgiqrmeqdzladjppy2clqksjukkgbexwq2sh64w5qn26m"
"20211115_3D_PL_transaction_1_allocation_151","ebe7735e-4aec-4a14-baf6-1245454623ca","20211115_3D_PL_transaction_1_contract_151","f022142",1,0,0,0,0,0,0,0,0,0,"bafyreibwoqdvnznyalj5yzqetvcxj67cjglypjzh3dfw3tx3fvxdxkurwm"
"20211115_3D_PL_transaction_1_allocation_152","21d9dac5-1080-4810-8a84-83638e6ee265","20211115_3D_PL_transaction_1_contract_152","f022142",1,0,0,0,0,0,0,0,0,0,"bafyreibu5vlr5qnja5vfwuv6gqwtj5i6yuqgacwr6tdedq5uma3meacili"
"20211115_3D_PL_transaction_1_allocation_153","5c635eb3-bf6b-40a7-bd73-ee71191f0a87","20211115_3D_PL_transaction_1_contract_153","f022142",1,0,0,0,0,0,0,0,0,0,"bafyreicoi54h7h2larhfb5n55vmz6vrudhb4gg6d32agfdl57neukxdjnm"
"20211115_3D_PL_transaction_1_allocation_154","b7d48187-49d2-44f6-8bca-60654df07820","20211115_3D_PL_transaction_1_contract_154","f022142",1,0,0,0,0,0,0,0,0,0,"bafyreianidcijnd5fw3xivyeiwzk7eow2m3xnpsxzn4r5h5vyxdmzbidze"
"20211115_3D_PL_transaction_1_allocation_155","5e50c983-9b22-4693-a262-961ba01a5215","20211115_3D_PL_transaction_1_contract_155","f0763337",7,0,0,0,0,0,0,0,0,0,"bafyreietujbxfohea4iafxadomshbnprkbb4t5xtv5weldsy6tqz2ni2sa"
"20211115_3D_PL_transaction_1_allocation_156","3320f2dd-e9b4-4d5a-a7f4-5be276be3244","20211115_3D_PL_transaction_1_contract_156","f0763337",31,0,0,0,0,0,0,0,0,0,"bafyreignez77p2urt32yd7smmx3urcydj2sybxejf52a2nl5uwsugtksxy"
"20211115_3D_PL_transaction_1_allocation_157","1bbe0f32-e1a5-47de-b3c2-e9c6270b3e56","20211115_3D_PL_transaction_1_contract_157","f0828066",3,0,0,0,0,0,0,0,0,0,"bafyreifvmvqvjfjllnwatq3xefsjvuqicnsn6xh2wgd4slhjamyre6v4yu"
"20211115_3D_PL_transaction_1_allocation_158","081c0757-0a09-4550-9f03-d0dff255c791","20211115_3D_PL_transaction_1_contract_158","f0828066",14,0,0,0,0,0,0,0,0,0,"bafyreicv6byvfpv32ubmxyphrmfcltbzd6litvtuynwdhcq5ssvrfbuctu"
"20211115_3D_PL_transaction_1_allocation_159","9f30eee6-72c7-4beb-bbb6-05898d51f51b","20211115_3D_PL_transaction_1_contract_159","f0828066",2,0,0,0,0,0,0,0,0,0,"bafyreihzztrx5tk7dmth3msc6ie37rrgdosy7b4hgnxzav2l6ye5lcsvxq"
"20211115_3D_PL_transaction_1_allocation_160","6e64370c-cf07-4ee1-aa5e-7f2a217e618b","20211115_3D_PL_transaction_1_contract_160","f0828066",2,0,0,0,0,0,0,0,0,0,"bafyreigrd33q3hksyoig6rm475j4othi6t74l4b4cssyujgovyqnljspzm"
"20211115_3D_PL_transaction_1_allocation_161","3b7b5718-3eec-40a2-a431-c2175101407a","20211115_3D_PL_transaction_1_contract_161","f098770",1,0,0,0,0,0,0,0,0,0,"bafyreicux2y4vk4zaapk7oqesipir7r22477gpvykdp4epuxcyqhtqfl7i"
"20211115_3D_PL_transaction_1_allocation_162","68919ad8-843e-4e73-9b51-906839dd5aba","20211115_3D_PL_transaction_1_contract_162","f098770",3,0,0,0,0,0,0,0,0,0,"bafyreid3ttkdm32q6eder6t2apo7pnky5uoqk56matvdwyynqgt5jzlzyy"
"20211115_3D_PL_transaction_1_allocation_163","2e33925c-cb30-48a8-a72e-62ac106ef1e8","20211115_3D_PL_transaction_1_contract_163","f098770",5,0,0,0,0,0,0,0,0,0,"bafyreifabxbx5ird5ndm6m6rryqgt64mivk3t2kpf3tigj2kf7mtno3he4"
"20211115_3D_PL_transaction_1_allocation_164","4ab3e214-7a97-4b50-8304-cd49762a2b2a","20211115_3D_PL_transaction_1_contract_164","f098770",5,0,0,0,0,0,0,0,0,0,"bafyreid4ulr4ss7pn2dtqge5ueu6524lccpsozrrurz52cfdo4vo6mxiz4"
"20211115_3D_PL_transaction_1_allocation_165","17918654-e5af-47b5-a077-a233fadbd6ff","20211115_3D_PL_transaction_1_contract_165","f098770",4,0,0,0,0,0,0,0,0,0,"bafyreihb77hqzb7aqaeursg7ypjuzonekjn4ifz6fdad5qunnggyjtjuoy"
"20211115_3D_PL_transaction_1_allocation_166","cc6d4a54-b5a0-465e-aa64-60452f0d6c63","20211115_3D_PL_transaction_1_contract_166","f098770",3,0,0,0,0,0,0,0,0,0,"bafyreiac2327zlfcbmug6ind4dm7y6rjqnqsdl36jmxsxowlkaomo755zm"
"20211115_3D_PL_transaction_1_allocation_167","da81a254-1b5d-4612-a2ae-65e4b86f5141","20211115_3D_PL_transaction_1_contract_167","f098770",2,0,0,0,0,0,0,0,0,0,"bafyreiedmhtlzt3iapvupposcjtdmh7jozm77diaqbxmaevzeu6ujcddb4"
"20211115_3D_PL_transaction_1_allocation_168","55d56981-2ac8-494a-a416-072264417de5","20211115_3D_PL_transaction_1_contract_168","f098770",2,0,0,0,0,0,0,0,0,0,"bafyreiencgltwcguy7vfzletmli7fsxvs5f4ceo3ykftealqyiwgmqlta4"
"20211115_3D_PL_transaction_1_allocation_169","a8f82906-f59c-4b2e-9346-06201392caac","20211115_3D_PL_transaction_1_contract_169","f098770",2,0,0,0,0,0,0,0,0,0,"bafyreifuahiju2z6wme5viyyv5vj3jozriuvdff6vivblplypc3gotuymu"